protocol,seed,image_path_a,image_path_b,phash_distance,dhash_distance,ssim,split_a,split_b,status
A,111,B-\cluster_3_2225.BMP,B-\cluster_3_4774.BMP,2,1,0.985793,test,train,cross_split
A,111,B+\cluster_2_169.BMP,B+\cluster_2_3683.BMP,2,2,0.964766,validation,train,cross_split
A,111,O-\cluster_7_322.BMP,O-\cluster_7_869.BMP,6,1,0.951041,train,train,within_split
A,222,B-\cluster_3_2225.BMP,B-\cluster_3_4774.BMP,2,1,0.985793,train,train,within_split
A,222,B+\cluster_2_169.BMP,B+\cluster_2_3683.BMP,2,2,0.964766,validation,train,cross_split
A,222,O-\cluster_7_322.BMP,O-\cluster_7_869.BMP,6,1,0.951041,train,train,within_split
A,333,B-\cluster_3_2225.BMP,B-\cluster_3_4774.BMP,2,1,0.985793,train,train,within_split
A,333,B+\cluster_2_169.BMP,B+\cluster_2_3683.BMP,2,2,0.964766,validation,test,cross_split
A,333,O-\cluster_7_322.BMP,O-\cluster_7_869.BMP,6,1,0.951041,train,train,within_split
A,444,B-\cluster_3_2225.BMP,B-\cluster_3_4774.BMP,2,1,0.985793,test,train,cross_split
A,444,B+\cluster_2_169.BMP,B+\cluster_2_3683.BMP,2,2,0.964766,train,train,within_split
A,444,O-\cluster_7_322.BMP,O-\cluster_7_869.BMP,6,1,0.951041,train,test,cross_split
A,555,B-\cluster_3_2225.BMP,B-\cluster_3_4774.BMP,2,1,0.985793,train,train,within_split
A,555,B+\cluster_2_169.BMP,B+\cluster_2_3683.BMP,2,2,0.964766,validation,train,cross_split
A,555,O-\cluster_7_322.BMP,O-\cluster_7_869.BMP,6,1,0.951041,train,test,cross_split
B,111,B-\cluster_3_2225.BMP,B-\cluster_3_4774.BMP,2,1,0.985793,train,train,within_split
B,111,B+\cluster_2_169.BMP,B+\cluster_2_3683.BMP,2,2,0.964766,validation,validation,within_split
B,111,O-\cluster_7_322.BMP,O-\cluster_7_869.BMP,6,1,0.951041,validation,validation,within_split
B,222,B-\cluster_3_2225.BMP,B-\cluster_3_4774.BMP,2,1,0.985793,train,train,within_split
B,222,B+\cluster_2_169.BMP,B+\cluster_2_3683.BMP,2,2,0.964766,validation,validation,within_split
B,222,O-\cluster_7_322.BMP,O-\cluster_7_869.BMP,6,1,0.951041,train,train,within_split
B,333,B-\cluster_3_2225.BMP,B-\cluster_3_4774.BMP,2,1,0.985793,train,train,within_split
B,333,B+\cluster_2_169.BMP,B+\cluster_2_3683.BMP,2,2,0.964766,test,test,within_split
B,333,O-\cluster_7_322.BMP,O-\cluster_7_869.BMP,6,1,0.951041,train,train,within_split
B,444,B-\cluster_3_2225.BMP,B-\cluster_3_4774.BMP,2,1,0.985793,train,train,within_split
B,444,B+\cluster_2_169.BMP,B+\cluster_2_3683.BMP,2,2,0.964766,train,train,within_split
B,444,O-\cluster_7_322.BMP,O-\cluster_7_869.BMP,6,1,0.951041,train,train,within_split
B,555,B-\cluster_3_2225.BMP,B-\cluster_3_4774.BMP,2,1,0.985793,train,train,within_split
B,555,B+\cluster_2_169.BMP,B+\cluster_2_3683.BMP,2,2,0.964766,train,train,within_split
B,555,O-\cluster_7_322.BMP,O-\cluster_7_869.BMP,6,1,0.951041,train,train,within_split
