seed,feature,importance
111,background_intensity,0.26393381468160104
111,brightness,0.26377925902242544
111,contrast,0.23822465200761872
111,image_quality,0.23109888561945727
111,height,0.0010652618486440381
111,width,0.0010079198414686106
111,file_size,0.000890206978784965
222,background_intensity,0.26807045284748526
222,brightness,0.26585600846242585
222,contrast,0.23393175891714874
222,image_quality,0.22954099767323988
222,file_size,0.0009990064031856463
222,width,0.0008218122936001715
222,height,0.0007799634029144927
333,brightness,0.2688140551355745
333,background_intensity,0.2654397588925175
333,contrast,0.233874808549791
333,image_quality,0.2288873465684188
333,height,0.0010857881166462214
333,width,0.0010251617722782424
333,file_size,0.000873080964773785
444,background_intensity,0.27586502578242494
444,brightness,0.26494252410693125
444,contrast,0.235125469819943
444,image_quality,0.22095947666521112
444,file_size,0.001287969350629249
444,width,0.0010168165777954968
444,height,0.0008027176970649625
555,background_intensity,0.2734558027342492
555,brightness,0.26355079100241635
555,contrast,0.23020249016664426
555,image_quality,0.22997067455531406
555,width,0.0010748198645355782
555,file_size,0.001004154101676898
555,height,0.0007412675751636114
