filepath,label,status,coverage,coverage_percent,n_components,boundary_contact,boundary_contact_percent,component_fallback,high_coverage,low_coverage,boundary_flag,component_flag,failure_reason
A+/cluster_0_3187.BMP,A+,FAIL,0.9223300970873787,92.23300970873787,1,0.733502538071066,73.3502538071066,False,True,False,False,False,
A+/cluster_0_3741.BMP,A+,FAIL,0.9201051779935275,92.01051779935275,1,0.6954314720812182,69.54314720812182,False,True,False,False,False,
A+/cluster_0_3814.BMP,A+,FAIL,0.9109021035598706,91.09021035598705,1,0.682741116751269,68.2741116751269,False,True,False,False,False,
A+/cluster_0_5184.BMP,A+,FAIL,0.9123179611650486,91.23179611650485,1,0.7258883248730964,72.58883248730965,False,True,False,False,False,
A-/cluster_1_1011.BMP,A-,FAIL,0.9365898058252428,93.65898058252428,1,0.7258883248730964,72.58883248730965,False,True,False,False,False,
A-/cluster_1_1049.BMP,A-,FAIL,0.9899878640776699,98.99878640776699,1,0.9137055837563451,91.37055837563452,False,True,False,True,False,
A-/cluster_1_1085.BMP,A-,FAIL,0.9002831715210357,90.02831715210357,1,0.7208121827411168,72.08121827411168,False,True,False,False,False,
A-/cluster_1_1241.BMP,A-,FAIL,0.9024069579288025,90.24069579288026,1,0.5736040609137056,57.360406091370564,False,True,False,False,False,
A-/cluster_1_1246.BMP,A-,FAIL,0.9053398058252428,90.53398058252428,1,0.5812182741116751,58.121827411167516,False,True,False,False,False,
A-/cluster_1_1275.BMP,A-,FAIL,0.9297127831715211,92.97127831715211,1,0.7309644670050761,73.09644670050761,False,True,False,False,False,
A-/cluster_1_1386.BMP,A-,FAIL,0.9242516181229773,92.42516181229773,1,0.733502538071066,73.3502538071066,False,True,False,False,False,
A-/cluster_1_1424.BMP,A-,FAIL,0.9397249190938511,93.97249190938511,1,0.7284263959390863,72.84263959390863,False,True,False,False,False,
A-/cluster_1_1474.BMP,A-,FAIL,0.9046318770226537,90.46318770226537,1,0.7106598984771574,71.06598984771574,False,True,False,False,False,
A-/cluster_1_1506.BMP,A-,FAIL,0.9123179611650486,91.23179611650485,1,0.6370558375634517,63.70558375634518,False,True,False,False,False,
A-/cluster_1_1626.BMP,A-,FAIL,0.9289037216828478,92.89037216828478,1,0.6878172588832487,68.78172588832487,False,True,False,False,False,
A-/cluster_1_1663.BMP,A-,FAIL,0.9322411003236246,93.22411003236246,1,0.6446700507614214,64.46700507614213,False,True,False,False,False,
A-/cluster_1_1692.BMP,A-,FAIL,0.9135315533980582,91.35315533980582,1,0.649746192893401,64.9746192893401,False,True,False,False,False,
A-/cluster_1_17.BMP,A-,FAIL,0.9344660194174758,93.44660194174757,1,0.7411167512690355,74.11167512690355,False,True,False,False,False,
A-/cluster_1_1826.BMP,A-,FAIL,0.9033171521035599,90.331715210356,1,0.7284263959390863,72.84263959390863,False,True,False,False,False,
A-/cluster_1_1926.BMP,A-,FAIL,0.90625,90.625,1,0.6776649746192893,67.76649746192894,False,True,False,False,False,
A-/cluster_1_2011.BMP,A-,FAIL,0.9079692556634305,90.79692556634305,1,0.7309644670050761,73.09644670050761,False,True,False,False,False,
A-/cluster_1_2192.BMP,A-,FAIL,0.968042071197411,96.80420711974111,1,0.8197969543147208,81.97969543147208,False,True,False,True,False,
A-/cluster_1_2222.BMP,A-,FAIL,0.9091828478964401,90.918284789644,1,0.7081218274111675,70.81218274111674,False,True,False,False,False,
A-/cluster_1_2350.BMP,A-,FAIL,0.9094862459546925,90.94862459546925,1,0.733502538071066,73.3502538071066,False,True,False,False,False,
A-/cluster_1_2386.BMP,A-,FAIL,0.9042273462783171,90.42273462783172,1,0.7106598984771574,71.06598984771574,False,True,False,False,False,
A-/cluster_1_2741.BMP,A-,FAIL,0.9466019417475728,94.66019417475728,1,0.7538071065989848,75.38071065989847,False,True,False,False,False,
A-/cluster_1_2747.BMP,A-,FAIL,0.9171723300970874,91.71723300970875,1,0.6903553299492385,69.03553299492386,False,True,False,False,False,
A-/cluster_1_2977.BMP,A-,FAIL,0.9381067961165048,93.81067961165049,1,0.6802030456852792,68.02030456852792,False,True,False,False,False,
A-/cluster_1_307.BMP,A-,FAIL,0.9177791262135923,91.77791262135922,1,0.6370558375634517,63.70558375634518,False,True,False,False,False,
A-/cluster_1_3075.BMP,A-,FAIL,0.9538834951456311,95.3883495145631,1,0.7817258883248731,78.1725888324873,False,True,False,False,False,
A-/cluster_1_3141.BMP,A-,FAIL,0.9043284789644013,90.43284789644012,1,0.6802030456852792,68.02030456852792,False,True,False,False,False,
A-/cluster_1_3159.BMP,A-,FAIL,0.95459142394822,95.45914239482201,1,0.700507614213198,70.05076142131979,False,True,False,False,False,
A-/cluster_1_324.BMP,A-,FAIL,0.9446804207119741,94.46804207119742,1,0.6928934010152284,69.28934010152284,False,True,False,False,False,
A-/cluster_1_3278.BMP,A-,FAIL,0.9317354368932039,93.1735436893204,1,0.7106598984771574,71.06598984771574,False,True,False,False,False,
A-/cluster_1_3326.BMP,A-,FAIL,0.9110032362459547,91.10032362459548,1,0.7081218274111675,70.81218274111674,False,True,False,False,False,
A-/cluster_1_3474.BMP,A-,FAIL,0.9689522653721683,96.89522653721683,1,0.8197969543147208,81.97969543147208,False,True,False,True,False,
A-/cluster_1_3535.BMP,A-,FAIL,0.9163632686084142,91.63632686084142,1,0.6954314720812182,69.54314720812182,False,True,False,False,False,
A-/cluster_1_3561.BMP,A-,FAIL,0.97582928802589,97.582928802589,1,0.8223350253807107,82.23350253807106,False,True,False,True,False,
A-/cluster_1_3643.BMP,A-,FAIL,0.9395226537216829,93.95226537216828,1,0.7208121827411168,72.08121827411168,False,True,False,False,False,
A-/cluster_1_3731.BMP,A-,FAIL,0.9446804207119741,94.46804207119742,1,0.7436548223350253,74.36548223350253,False,True,False,False,False,
A-/cluster_1_374.BMP,A-,FAIL,0.9582322006472492,95.82322006472492,1,0.8147208121827412,81.47208121827411,False,True,False,True,False,
A-/cluster_1_3786.BMP,A-,FAIL,0.9164644012944984,91.64644012944983,1,0.7309644670050761,73.09644670050761,False,True,False,False,False,
A-/cluster_1_4136.BMP,A-,FAIL,0.9662216828478964,96.62216828478964,1,0.7842639593908629,78.42639593908629,False,True,False,False,False,
A-/cluster_1_4154.BMP,A-,FAIL,0.9073624595469255,90.73624595469255,1,0.6395939086294417,63.95939086294417,False,True,False,False,False,
A-/cluster_1_4339.BMP,A-,FAIL,0.9049352750809061,90.49352750809061,2,0.6218274111675127,62.182741116751274,False,True,False,False,False,
A-/cluster_1_4385.BMP,A-,FAIL,0.921217637540453,92.1217637540453,1,0.7284263959390863,72.84263959390863,False,True,False,False,False,
A-/cluster_1_4392.BMP,A-,FAIL,0.9200040453074434,92.00040453074433,1,0.6903553299492385,69.03553299492386,False,True,False,False,False,
A-/cluster_1_4500.BMP,A-,FAIL,0.9140372168284789,91.40372168284789,1,0.5989847715736041,59.89847715736041,False,True,False,False,False,
A-/cluster_1_4553.BMP,A-,FAIL,0.945995145631068,94.5995145631068,1,0.7791878172588832,77.91878172588832,False,True,False,False,False,
A-/cluster_1_4571.BMP,A-,FAIL,0.9174757281553398,91.74757281553399,1,0.7182741116751269,71.8274111675127,False,True,False,False,False,
A-/cluster_1_4691.BMP,A-,FAIL,0.9336569579288025,93.36569579288026,1,0.7106598984771574,71.06598984771574,False,True,False,False,False,
A-/cluster_1_4729.BMP,A-,FAIL,0.9011933656957929,90.11933656957929,1,0.6979695431472082,69.79695431472082,False,True,False,False,False,
A-/cluster_1_4820.BMP,A-,FAIL,0.9358818770226537,93.58818770226537,1,0.766497461928934,76.6497461928934,False,True,False,False,False,
A-/cluster_1_4833.BMP,A-,FAIL,0.9148462783171522,91.48462783171522,1,0.6370558375634517,63.70558375634518,False,True,False,False,False,
A-/cluster_1_4860.BMP,A-,FAIL,0.9122168284789643,91.22168284789643,1,0.7131979695431472,71.31979695431471,False,True,False,False,False,
A-/cluster_1_5072.BMP,A-,FAIL,0.9299150485436893,92.99150485436894,1,0.7411167512690355,74.11167512690355,False,True,False,False,False,
A-/cluster_1_512.BMP,A-,FAIL,0.905542071197411,90.55420711974111,1,0.6852791878172588,68.52791878172589,False,True,False,False,False,
A-/cluster_1_5143.BMP,A-,FAIL,0.9155542071197411,91.55542071197411,1,0.7182741116751269,71.8274111675127,False,True,False,False,False,
A-/cluster_1_5373.BMP,A-,FAIL,0.959546925566343,95.9546925566343,1,0.8147208121827412,81.47208121827411,False,True,False,True,False,
A-/cluster_1_5410.BMP,A-,FAIL,0.9513551779935275,95.13551779935275,1,0.7385786802030457,73.85786802030458,False,True,False,False,False,
A-/cluster_1_547.BMP,A-,FAIL,0.9655137540453075,96.55137540453075,1,0.766497461928934,76.6497461928934,False,True,False,False,False,
A-/cluster_1_5556.BMP,A-,FAIL,0.9116100323624595,91.16100323624595,1,0.7081218274111675,70.81218274111674,False,True,False,False,False,
A-/cluster_1_5674.BMP,A-,FAIL,0.9070590614886731,90.70590614886731,1,0.631979695431472,63.1979695431472,False,True,False,False,False,
A-/cluster_1_5757.BMP,A-,FAIL,0.9773462783171522,97.73462783171522,1,0.8324873096446701,83.24873096446701,False,True,False,True,False,
A-/cluster_1_605.BMP,A-,FAIL,0.9301173139158576,93.01173139158576,1,0.6903553299492385,69.03553299492386,False,True,False,False,False,
A-/cluster_1_652.BMP,A-,FAIL,0.9390169902912622,93.90169902912622,1,0.7817258883248731,78.1725888324873,False,True,False,False,False,
A-/cluster_1_795.BMP,A-,FAIL,0.9357807443365695,93.57807443365695,1,0.7411167512690355,74.11167512690355,False,True,False,False,False,
A-/cluster_1_841.BMP,A-,FAIL,0.9226334951456311,92.2633495145631,1,0.7208121827411168,72.08121827411168,False,True,False,False,False,
A-/cluster_1_862.BMP,A-,FAIL,0.9377022653721683,93.77022653721683,1,0.7258883248730964,72.58883248730965,False,True,False,False,False,
A-/cluster_1_917.BMP,A-,FAIL,0.9180825242718447,91.80825242718447,1,0.6294416243654822,62.944162436548226,False,True,False,False,False,
A-/cluster_1_923.BMP,A-,FAIL,0.9192961165048543,91.92961165048543,1,0.6725888324873096,67.25888324873097,False,True,False,False,False,
A-/cluster_1_966.BMP,A-,FAIL,0.9601537216828478,96.01537216828478,1,0.8197969543147208,81.97969543147208,False,True,False,True,False,
A-/cluster_1_973.BMP,A-,FAIL,0.919700647249191,91.9700647249191,1,0.6802030456852792,68.02030456852792,False,True,False,False,False,
AB-/cluster_5_1013.BMP,AB-,FAIL,0.94457928802589,94.457928802589,1,0.7969543147208121,79.69543147208121,False,True,False,False,False,
AB-/cluster_5_1710.BMP,AB-,FAIL,0.9155542071197411,91.55542071197411,1,0.7842639593908629,78.42639593908629,False,True,False,False,False,
AB-/cluster_5_2051.BMP,AB-,FAIL,0.9323422330097088,93.23422330097088,1,0.751269035532995,75.1269035532995,False,True,False,False,False,
AB-/cluster_5_2055.BMP,AB-,FAIL,0.9401294498381877,94.01294498381877,1,0.7436548223350253,74.36548223350253,False,True,False,False,False,
AB-/cluster_5_2125.BMP,AB-,FAIL,0.9508495145631068,95.08495145631069,1,0.8274111675126904,82.74111675126903,False,True,False,True,False,
AB-/cluster_5_2302.BMP,AB-,FAIL,0.9144417475728155,91.44417475728154,1,0.751269035532995,75.1269035532995,False,True,False,False,False,
AB-/cluster_5_2999.BMP,AB-,FAIL,0.9044296116504854,90.44296116504854,1,0.7131979695431472,71.31979695431471,False,True,False,False,False,
AB-/cluster_5_3057.BMP,AB-,FAIL,0.906957928802589,90.69579288025889,1,0.6395939086294417,63.95939086294417,False,True,False,False,False,
AB-/cluster_5_3197.BMP,AB-,FAIL,0.9280946601941747,92.80946601941747,1,0.7309644670050761,73.09644670050761,False,True,False,False,False,
AB-/cluster_5_3388.BMP,AB-,FAIL,0.9171723300970874,91.71723300970875,1,0.6979695431472082,69.79695431472082,False,True,False,False,False,
AB-/cluster_5_3497.BMP,AB-,FAIL,0.9051375404530745,90.51375404530745,1,0.7233502538071066,72.33502538071066,False,True,False,False,False,
AB-/cluster_5_366.BMP,AB-,FAIL,0.9671318770226537,96.71318770226537,1,0.8375634517766497,83.75634517766497,False,True,False,True,False,
AB-/cluster_5_478.BMP,AB-,FAIL,0.9770428802588996,97.70428802588997,1,0.8324873096446701,83.24873096446701,False,True,False,True,False,
AB-/cluster_5_484.BMP,AB-,FAIL,0.9151496763754046,91.51496763754045,1,0.8527918781725888,85.27918781725889,False,True,False,True,False,
AB-/cluster_5_4962.BMP,AB-,FAIL,0.9262742718446602,92.62742718446601,1,0.6802030456852792,68.02030456852792,False,True,False,False,False,
AB-/cluster_5_5020.BMP,AB-,FAIL,0.9103964401294499,91.03964401294499,1,0.7284263959390863,72.84263959390863,False,True,False,False,False,
AB-/cluster_5_5685.BMP,AB-,FAIL,0.9280946601941747,92.80946601941747,1,0.7309644670050761,73.09644670050761,False,True,False,False,False,
AB-/cluster_5_5990.BMP,AB-,FAIL,0.9124190938511327,91.24190938511327,1,0.7030456852791879,70.30456852791879,False,True,False,False,False,
AB-/cluster_5_633.BMP,AB-,FAIL,0.9173745954692557,91.73745954692556,1,0.6954314720812182,69.54314720812182,False,True,False,False,False,
AB-/cluster_5_648.BMP,AB-,FAIL,0.9234425566343042,92.34425566343042,1,0.6979695431472082,69.79695431472082,False,True,False,False,False,
AB-/cluster_5_670.BMP,AB-,FAIL,0.9583333333333334,95.83333333333334,1,0.8096446700507615,80.96446700507614,False,True,False,True,False,
AB-/cluster_5_701.BMP,AB-,FAIL,0.9296116504854369,92.96116504854369,1,0.6573604060913706,65.73604060913706,False,True,False,False,False,
AB-/cluster_5_71.BMP,AB-,FAIL,0.9449838187702265,94.49838187702265,1,0.7766497461928934,77.66497461928934,False,True,False,False,False,
AB-/cluster_5_889.BMP,AB-,FAIL,0.9118122977346278,91.18122977346277,1,0.5812182741116751,58.121827411167516,False,True,False,False,False,
AB-/cluster_5_891.BMP,AB-,FAIL,0.9371966019417476,93.71966019417476,1,0.7309644670050761,73.09644670050761,False,True,False,False,False,
AB-/cluster_5_903.BMP,AB-,FAIL,0.9380056634304207,93.80056634304206,1,0.7715736040609137,77.15736040609137,False,True,False,False,False,
B-/cluster_3_1070.BMP,B-,FAIL,0.9049352750809061,90.49352750809061,1,0.748730964467005,74.8730964467005,False,True,False,False,False,
B-/cluster_3_1101.BMP,B-,FAIL,0.9113066343042071,91.13066343042071,1,0.7258883248730964,72.58883248730965,False,True,False,False,False,
B-/cluster_3_1159.BMP,B-,FAIL,0.9236448220064725,92.36448220064725,1,0.7284263959390863,72.84263959390863,False,True,False,False,False,
B-/cluster_3_1184.BMP,B-,FAIL,0.9412419093851133,94.12419093851133,1,0.7309644670050761,73.09644670050761,False,True,False,False,False,
B-/cluster_3_1291.BMP,B-,FAIL,0.9234425566343042,92.34425566343042,1,0.7258883248730964,72.58883248730965,False,True,False,False,False,
B-/cluster_3_1296.BMP,B-,FAIL,0.9084749190938511,90.84749190938511,1,0.6878172588832487,68.78172588832487,False,True,False,False,False,
B-/cluster_3_1396.BMP,B-,FAIL,0.9096885113268608,90.96885113268608,1,0.7030456852791879,70.30456852791879,False,True,False,False,False,
B-/cluster_3_1426.BMP,B-,FAIL,0.917576860841424,91.75768608414239,1,0.7182741116751269,71.8274111675127,False,True,False,False,False,
B-/cluster_3_1447.BMP,B-,FAIL,0.9371966019417476,93.71966019417476,1,0.7208121827411168,72.08121827411168,False,True,False,False,False,
B-/cluster_3_1470.BMP,B-,FAIL,0.922532362459547,92.2532362459547,1,0.7309644670050761,73.09644670050761,False,True,False,False,False,
B-/cluster_3_1566.BMP,B-,FAIL,0.9693567961165048,96.93567961165049,1,0.8578680203045685,85.78680203045685,False,True,False,True,False,
B-/cluster_3_1642.BMP,B-,FAIL,0.9210153721682848,92.10153721682848,1,0.7208121827411168,72.08121827411168,False,True,False,False,False,
B-/cluster_3_1656.BMP,B-,FAIL,0.9454894822006472,94.54894822006472,1,0.7614213197969543,76.14213197969542,False,True,False,False,False,
B-/cluster_3_1767.BMP,B-,FAIL,0.9345671521035599,93.456715210356,1,0.7208121827411168,72.08121827411168,False,True,False,False,False,
B-/cluster_3_1886.BMP,B-,FAIL,0.9268810679611651,92.68810679611651,1,0.6294416243654822,62.944162436548226,False,True,False,False,False,
B-/cluster_3_1896.BMP,B-,FAIL,0.9142394822006472,91.42394822006472,1,0.6243654822335025,62.43654822335025,False,True,False,False,False,
B-/cluster_3_1919.BMP,B-,FAIL,0.9059466019417476,90.59466019417476,1,0.6878172588832487,68.78172588832487,False,True,False,False,False,
B-/cluster_3_1988.BMP,B-,FAIL,0.942455501618123,94.2455501618123,1,0.7588832487309645,75.88832487309645,False,True,False,False,False,
B-/cluster_3_2053.BMP,B-,FAIL,0.9573220064724919,95.73220064724919,1,0.8223350253807107,82.23350253807106,False,True,False,True,False,
B-/cluster_3_2133.BMP,B-,FAIL,0.9485234627831716,94.85234627831716,1,0.7893401015228426,78.93401015228426,False,True,False,False,False,
B-/cluster_3_2174.BMP,B-,FAIL,0.9650080906148867,96.50080906148867,1,0.7766497461928934,77.66497461928934,False,True,False,False,False,
B-/cluster_3_2259.BMP,B-,FAIL,0.9237459546925566,92.37459546925567,1,0.7131979695431472,71.31979695431471,False,True,False,False,False,
B-/cluster_3_2387.BMP,B-,FAIL,0.9253640776699029,92.5364077669903,1,0.6979695431472082,69.79695431472082,False,True,False,False,False,
B-/cluster_3_2415.BMP,B-,FAIL,0.9125202265372169,91.25202265372168,1,0.7208121827411168,72.08121827411168,False,True,False,False,False,
B-/cluster_3_2448.BMP,B-,FAIL,0.9628843042071198,96.28843042071198,1,0.8375634517766497,83.75634517766497,False,True,False,True,False,
B-/cluster_3_2459.BMP,B-,FAIL,0.9098907766990292,90.98907766990291,1,0.6802030456852792,68.02030456852792,False,True,False,False,False,
B-/cluster_3_2466.BMP,B-,FAIL,0.9207119741100324,92.07119741100324,1,0.7182741116751269,71.8274111675127,False,True,False,False,False,
B-/cluster_3_2472.BMP,B-,FAIL,0.9250606796116505,92.50606796116504,1,0.7055837563451777,70.55837563451777,False,True,False,False,False,
B-/cluster_3_2484.BMP,B-,FAIL,0.9384101941747572,93.84101941747572,1,0.7233502538071066,72.33502538071066,False,True,False,False,False,
B-/cluster_3_2492.BMP,B-,FAIL,0.9427588996763754,94.27588996763754,1,0.7284263959390863,72.84263959390863,False,True,False,False,False,
B-/cluster_3_2525.BMP,B-,FAIL,0.9312297734627831,93.12297734627832,1,0.7208121827411168,72.08121827411168,False,True,False,False,False,
B-/cluster_3_2533.BMP,B-,FAIL,0.9564118122977346,95.64118122977347,1,0.7436548223350253,74.36548223350253,False,True,False,False,False,
B-/cluster_3_254.BMP,B-,FAIL,0.9244538834951457,92.44538834951457,1,0.7411167512690355,74.11167512690355,False,True,False,False,False,
B-/cluster_3_2570.BMP,B-,FAIL,0.921217637540453,92.1217637540453,1,0.7385786802030457,73.85786802030458,False,True,False,False,False,
B-/cluster_3_2580.BMP,B-,FAIL,0.9237459546925566,92.37459546925567,1,0.7690355329949239,76.90355329949239,False,True,False,False,False,
B-/cluster_3_2622.BMP,B-,FAIL,0.9085760517799353,90.85760517799353,1,0.7081218274111675,70.81218274111674,False,True,False,False,False,
B-/cluster_3_2624.BMP,B-,FAIL,0.9136326860841424,91.36326860841424,1,0.7233502538071066,72.33502538071066,False,True,False,False,False,
B-/cluster_3_2643.BMP,B-,FAIL,0.9084749190938511,90.84749190938511,1,0.682741116751269,68.2741116751269,False,True,False,False,False,
B-/cluster_3_2645.BMP,B-,FAIL,0.9268810679611651,92.68810679611651,1,0.8197969543147208,81.97969543147208,False,True,False,True,False,
B-/cluster_3_2758.BMP,B-,FAIL,0.9216221682847896,92.16221682847896,1,0.7208121827411168,72.08121827411168,False,True,False,False,False,
B-/cluster_3_2759.BMP,B-,FAIL,0.9172734627831716,91.72734627831716,1,0.7436548223350253,74.36548223350253,False,True,False,False,False,
B-/cluster_3_2767.BMP,B-,FAIL,0.9327467637540453,93.27467637540452,1,0.7208121827411168,72.08121827411168,False,True,False,False,False,
B-/cluster_3_2773.BMP,B-,FAIL,0.9019012944983819,90.19012944983818,1,0.6218274111675127,62.182741116751274,False,True,False,False,False,
B-/cluster_3_2833.BMP,B-,FAIL,0.9455906148867314,94.55906148867314,1,0.7766497461928934,77.66497461928934,False,True,False,False,False,
B-/cluster_3_292.BMP,B-,FAIL,0.9303195792880259,93.03195792880258,1,0.7258883248730964,72.58883248730965,False,True,False,False,False,
B-/cluster_3_2946.BMP,B-,FAIL,0.926173139158576,92.61731391585761,1,0.7411167512690355,74.11167512690355,False,True,False,False,False,
B-/cluster_3_2967.BMP,B-,FAIL,0.9426577669902912,94.26577669902912,1,0.8197969543147208,81.97969543147208,False,True,False,True,False,
B-/cluster_3_2994.BMP,B-,FAIL,0.9072613268608414,90.72613268608414,1,0.7182741116751269,71.8274111675127,False,True,False,False,False,
B-/cluster_3_3012.BMP,B-,FAIL,0.9242516181229773,92.42516181229773,1,0.7030456852791879,70.30456852791879,False,True,False,False,False,
B-/cluster_3_3025.BMP,B-,FAIL,0.9520631067961165,95.20631067961165,1,0.748730964467005,74.8730964467005,False,True,False,False,False,
B-/cluster_3_3076.BMP,B-,FAIL,0.9206108414239482,92.06108414239482,1,0.6954314720812182,69.54314720812182,False,True,False,False,False,
B-/cluster_3_3146.BMP,B-,FAIL,0.959546925566343,95.9546925566343,1,0.748730964467005,74.8730964467005,False,True,False,False,False,
B-/cluster_3_3218.BMP,B-,FAIL,0.9051375404530745,90.51375404530745,1,0.7233502538071066,72.33502538071066,False,True,False,False,False,
B-/cluster_3_3241.BMP,B-,FAIL,0.9002831715210357,90.02831715210357,1,0.6954314720812182,69.54314720812182,False,True,False,False,False,
B-/cluster_3_3309.BMP,B-,FAIL,0.9193972491909385,91.93972491909385,1,0.6954314720812182,69.54314720812182,False,True,False,False,False,
B-/cluster_3_3342.BMP,B-,FAIL,0.9788632686084142,97.88632686084142,1,0.8705583756345178,87.05583756345177,False,True,False,True,False,
B-/cluster_3_3347.BMP,B-,FAIL,0.9547936893203883,95.47936893203884,1,0.7436548223350253,74.36548223350253,False,True,False,False,False,
B-/cluster_3_335.BMP,B-,FAIL,0.9436690938511327,94.36690938511327,1,0.7791878172588832,77.91878172588832,False,True,False,False,False,
B-/cluster_3_3354.BMP,B-,FAIL,0.9085760517799353,90.85760517799353,1,0.6573604060913706,65.73604060913706,False,True,False,False,False,
B-/cluster_3_3386.BMP,B-,FAIL,0.926173139158576,92.61731391585761,1,0.7918781725888325,79.18781725888326,False,True,False,False,False,
B-/cluster_3_3515.BMP,B-,FAIL,0.9219255663430421,92.19255663430421,1,0.7309644670050761,73.09644670050761,False,True,False,False,False,
B-/cluster_3_3576.BMP,B-,FAIL,0.908373786407767,90.8373786407767,1,0.7182741116751269,71.8274111675127,False,True,False,False,False,
B-/cluster_3_3620.BMP,B-,FAIL,0.9500404530744336,95.00404530744336,1,0.8223350253807107,82.23350253807106,False,True,False,True,False,
B-/cluster_3_370.BMP,B-,FAIL,0.9782564724919094,97.82564724919094,1,0.8654822335025381,86.5482233502538,False,True,False,True,False,
B-/cluster_3_3777.BMP,B-,FAIL,0.9473098705501618,94.73098705501619,1,0.7461928934010152,74.61928934010153,False,True,False,False,False,
B-/cluster_3_3795.BMP,B-,FAIL,0.9359830097087378,93.59830097087378,1,0.7385786802030457,73.85786802030458,False,True,False,False,False,
B-/cluster_3_3847.BMP,B-,FAIL,0.9314320388349514,93.14320388349515,1,0.6903553299492385,69.03553299492386,False,True,False,False,False,
B-/cluster_3_3865.BMP,B-,FAIL,0.9183859223300971,91.8385922330097,1,0.6776649746192893,67.76649746192894,False,True,False,False,False,
B-/cluster_3_387.BMP,B-,FAIL,0.9142394822006472,91.42394822006472,1,0.6700507614213198,67.00507614213198,False,True,False,False,False,
B-/cluster_3_3925.BMP,B-,FAIL,0.9210153721682848,92.10153721682848,1,0.7436548223350253,74.36548223350253,False,True,False,False,False,
B-/cluster_3_3937.BMP,B-,FAIL,0.9284991909385113,92.84991909385113,1,0.7588832487309645,75.88832487309645,False,True,False,False,False,
B-/cluster_3_4013.BMP,B-,FAIL,0.922532362459547,92.2532362459547,1,0.7588832487309645,75.88832487309645,False,True,False,False,False,
B-/cluster_3_4019.BMP,B-,FAIL,0.9513551779935275,95.13551779935275,1,0.7436548223350253,74.36548223350253,False,True,False,False,False,
B-/cluster_3_4030.BMP,B-,FAIL,0.9046318770226537,90.46318770226537,1,0.7182741116751269,71.8274111675127,False,True,False,False,False,
B-/cluster_3_4045.BMP,B-,FAIL,0.9165655339805825,91.65655339805825,1,0.7131979695431472,71.31979695431471,False,True,False,False,False,
B-/cluster_3_4062.BMP,B-,FAIL,0.9167677993527508,91.67677993527508,1,0.7106598984771574,71.06598984771574,False,True,False,False,False,
B-/cluster_3_4195.BMP,B-,FAIL,0.9223300970873787,92.23300970873787,1,0.6954314720812182,69.54314720812182,False,True,False,False,False,
B-/cluster_3_4205.BMP,B-,FAIL,0.9329490291262136,93.29490291262135,1,0.733502538071066,73.3502538071066,False,True,False,False,False,
B-/cluster_3_4206.BMP,B-,FAIL,0.9820995145631068,98.20995145631069,1,0.8959390862944162,89.59390862944161,False,True,False,True,False,
B-/cluster_3_4211.BMP,B-,FAIL,0.9442758899676376,94.42758899676376,1,0.7258883248730964,72.58883248730965,False,True,False,False,False,
B-/cluster_3_4286.BMP,B-,FAIL,0.9203074433656958,92.03074433656958,1,0.7208121827411168,72.08121827411168,False,True,False,False,False,
B-/cluster_3_43.BMP,B-,FAIL,0.9080703883495146,90.80703883495146,1,0.7258883248730964,72.58883248730965,False,True,False,False,False,
B-/cluster_3_4418.BMP,B-,FAIL,0.9551982200647249,95.51982200647248,1,0.7182741116751269,71.8274111675127,False,True,False,False,False,
B-/cluster_3_457.BMP,B-,FAIL,0.9310275080906149,93.10275080906149,1,0.7588832487309645,75.88832487309645,False,True,False,False,False,
B-/cluster_3_465.BMP,B-,FAIL,0.9049352750809061,90.49352750809061,1,0.6116751269035533,61.16751269035533,False,True,False,False,False,
B-/cluster_3_4751.BMP,B-,FAIL,0.9504449838187702,95.04449838187702,1,0.7309644670050761,73.09644670050761,False,True,False,False,False,
B-/cluster_3_4799.BMP,B-,FAIL,0.9368932038834952,93.68932038834951,1,0.7258883248730964,72.58883248730965,False,True,False,False,False,
B-/cluster_3_4891.BMP,B-,FAIL,0.9365898058252428,93.65898058252428,1,0.751269035532995,75.1269035532995,False,True,False,False,False,
B-/cluster_3_4933.BMP,B-,FAIL,0.9539846278317152,95.39846278317152,1,0.7918781725888325,79.18781725888326,False,True,False,False,False,
B-/cluster_3_4955.BMP,B-,FAIL,0.9454894822006472,94.54894822006472,1,0.6878172588832487,68.78172588832487,False,True,False,False,False,
B-/cluster_3_4968.BMP,B-,FAIL,0.9473098705501618,94.73098705501619,1,0.7360406091370558,73.60406091370558,False,True,False,False,False,
B-/cluster_3_514.BMP,B-,FAIL,0.9067556634304207,90.67556634304206,1,0.6776649746192893,67.76649746192894,False,True,False,False,False,
B-/cluster_3_5142.BMP,B-,FAIL,0.9749190938511327,97.49190938511327,1,0.8705583756345178,87.05583756345177,False,True,False,True,False,
B-/cluster_3_5146.BMP,B-,FAIL,0.9429611650485437,94.29611650485437,1,0.751269035532995,75.1269035532995,False,True,False,False,False,
B-/cluster_3_5155.BMP,B-,FAIL,0.9326456310679612,93.26456310679612,1,0.7106598984771574,71.06598984771574,False,True,False,False,False,
B-/cluster_3_5163.BMP,B-,FAIL,0.9557038834951457,95.57038834951457,1,0.6903553299492385,69.03553299492386,False,True,False,False,False,
B-/cluster_3_5210.BMP,B-,FAIL,0.9469053398058253,94.69053398058253,1,0.7385786802030457,73.85786802030458,False,True,False,False,False,
B-/cluster_3_5211.BMP,B-,FAIL,0.9407362459546925,94.07362459546925,1,0.7461928934010152,74.61928934010153,False,True,False,False,False,
B-/cluster_3_5239.BMP,B-,FAIL,0.9194983818770227,91.94983818770227,1,0.7157360406091371,71.57360406091371,False,True,False,False,False,
B-/cluster_3_5247.BMP,B-,FAIL,0.9089805825242718,90.89805825242718,1,0.7233502538071066,72.33502538071066,False,True,False,False,False,
B-/cluster_3_531.BMP,B-,FAIL,0.9432645631067961,94.3264563106796,1,0.7614213197969543,76.14213197969542,False,True,False,False,False,
B-/cluster_3_5340.BMP,B-,FAIL,0.9799757281553398,97.99757281553399,1,0.8807106598984772,88.07106598984772,False,True,False,True,False,
B-/cluster_3_5367.BMP,B-,FAIL,0.9375,93.75,1,0.7157360406091371,71.57360406091371,False,True,False,False,False,
B-/cluster_3_5416.BMP,B-,FAIL,0.9495347896440129,94.9534789644013,1,0.7918781725888325,79.18781725888326,False,True,False,False,False,
B-/cluster_3_5435.BMP,B-,FAIL,0.9599514563106796,95.99514563106796,1,0.8096446700507615,80.96446700507614,False,True,False,True,False,
B-/cluster_3_5473.BMP,B-,FAIL,0.9082726537216829,90.82726537216828,1,0.6040609137055838,60.40609137055838,False,True,False,False,False,
B-/cluster_3_5479.BMP,B-,FAIL,0.9347694174757282,93.47694174757282,1,0.7309644670050761,73.09644670050761,False,True,False,False,False,
B-/cluster_3_5527.BMP,B-,FAIL,0.9022046925566343,90.22046925566343,1,0.7030456852791879,70.30456852791879,False,True,False,False,False,
B-/cluster_3_5541.BMP,B-,FAIL,0.9185881877022654,91.85881877022653,1,0.7461928934010152,74.61928934010153,False,True,False,False,False,
B-/cluster_3_5592.BMP,B-,FAIL,0.9591423948220065,95.91423948220064,1,0.8096446700507615,80.96446700507614,False,True,False,True,False,
B-/cluster_3_5612.BMP,B-,FAIL,0.9231391585760518,92.31391585760518,1,0.7258883248730964,72.58883248730965,False,True,False,False,False,
B-/cluster_3_5646.BMP,B-,FAIL,0.9053398058252428,90.53398058252428,1,0.7157360406091371,71.57360406091371,False,True,False,False,False,
B-/cluster_3_5671.BMP,B-,FAIL,0.9385113268608414,93.85113268608414,1,0.7893401015228426,78.93401015228426,False,True,False,False,False,
B-/cluster_3_5769.BMP,B-,FAIL,0.9074635922330098,90.74635922330097,1,0.7182741116751269,71.8274111675127,False,True,False,False,False,
B-/cluster_3_5868.BMP,B-,FAIL,0.902002427184466,90.2002427184466,1,0.700507614213198,70.05076142131979,False,True,False,False,False,
B-/cluster_3_61.BMP,B-,FAIL,0.928296925566343,92.8296925566343,1,0.7258883248730964,72.58883248730965,False,True,False,False,False,
B-/cluster_3_641.BMP,B-,FAIL,0.9168689320388349,91.68689320388349,1,0.733502538071066,73.3502538071066,False,True,False,False,False,
B-/cluster_3_672.BMP,B-,FAIL,0.9002831715210357,90.02831715210357,1,0.7030456852791879,70.30456852791879,False,True,False,False,False,
B-/cluster_3_778.BMP,B-,FAIL,0.9340614886731392,93.40614886731392,1,0.7284263959390863,72.84263959390863,False,True,False,False,False,
B-/cluster_3_846.BMP,B-,FAIL,0.9199029126213593,91.99029126213593,1,0.6573604060913706,65.73604060913706,False,True,False,False,False,
B-/cluster_3_970.BMP,B-,FAIL,0.9093851132686084,90.93851132686083,1,0.7309644670050761,73.09644670050761,False,True,False,False,False,
B-/cluster_3_989.BMP,B-,FAIL,0.9097896440129449,90.97896440129449,1,0.7131979695431472,71.31979695431471,False,True,False,False,False,
B-/cluster_3_995.BMP,B-,FAIL,0.9437702265372169,94.37702265372168,1,0.7309644670050761,73.09644670050761,False,True,False,False,False,
O+/cluster_6_1587.BMP,O+,FAIL,0.9109021035598706,91.09021035598705,1,0.7055837563451777,70.55837563451777,False,True,False,False,False,
O+/cluster_6_161.BMP,O+,FAIL,0.9648058252427184,96.48058252427184,1,0.7817258883248731,78.1725888324873,False,True,False,False,False,
O+/cluster_6_2359.BMP,O+,FAIL,0.9447815533980582,94.47815533980582,1,0.7081218274111675,70.81218274111674,False,True,False,False,False,
O+/cluster_6_2744.BMP,O+,FAIL,0.9051375404530745,90.51375404530745,1,0.6979695431472082,69.79695431472082,False,True,False,False,False,
O+/cluster_6_3093.BMP,O+,FAIL,0.9213187702265372,92.13187702265373,1,0.748730964467005,74.8730964467005,False,True,False,False,False,
O+/cluster_6_3158.BMP,O+,FAIL,0.9217233009708737,92.17233009708737,1,0.7360406091370558,73.60406091370558,False,True,False,False,False,
O+/cluster_6_3341.BMP,O+,FAIL,0.9541868932038835,95.41868932038835,1,0.7893401015228426,78.93401015228426,False,True,False,False,False,
O+/cluster_6_3784.BMP,O+,FAIL,0.9124190938511327,91.24190938511327,1,0.7081218274111675,70.81218274111674,False,True,False,False,False,
O+/cluster_6_3844.BMP,O+,FAIL,0.9264765372168284,92.64765372168284,1,0.6218274111675127,62.182741116751274,False,True,False,False,False,
O+/cluster_6_3852.BMP,O+,FAIL,0.914745145631068,91.4745145631068,1,0.7030456852791879,70.30456852791879,False,True,False,False,False,
O+/cluster_6_4308.BMP,O+,FAIL,0.9163632686084142,91.63632686084142,1,0.6649746192893401,66.49746192893402,False,True,False,False,False,
O+/cluster_6_4702.BMP,O+,FAIL,0.909081715210356,90.9081715210356,1,0.6852791878172588,68.52791878172589,False,True,False,False,False,
O+/cluster_6_4870.BMP,O+,FAIL,0.9264765372168284,92.64765372168284,1,0.682741116751269,68.2741116751269,False,True,False,False,False,
O+/cluster_6_5138.BMP,O+,FAIL,0.9216221682847896,92.16221682847896,1,0.5913705583756346,59.13705583756346,False,True,False,False,False,
O+/cluster_6_5229.BMP,O+,FAIL,0.9095873786407767,90.95873786407766,1,0.5862944162436549,58.629441624365484,False,True,False,False,False,
O+/cluster_6_5704.BMP,O+,FAIL,0.9336569579288025,93.36569579288026,1,0.7106598984771574,71.06598984771574,False,True,False,False,False,
O+/cluster_6_724.BMP,O+,FAIL,0.9211165048543689,92.1116504854369,1,0.6852791878172588,68.52791878172589,False,True,False,False,False,
O-/cluster_7_1499.BMP,O-,FAIL,0.9004854368932039,90.0485436893204,1,0.6091370558375635,60.913705583756354,False,True,False,False,False,
O-/cluster_7_5655.BMP,O-,FAIL,0.9272855987055016,92.72855987055017,1,0.6852791878172588,68.52791878172589,False,True,False,False,False,
O-/cluster_7_653.BMP,O-,FAIL,0.9534789644012945,95.34789644012946,1,0.8147208121827412,81.47208121827411,False,True,False,True,False,
