experiment,protocol,condition,seed,accuracy,balanced_accuracy,macro_f1,train_size,test_size
ridge_vs_background,B,ridge_only,111,0.8407789232531501,0.8437567983251624,0.8480575333795444,4085,873
ridge_vs_background,B,background_only,111,0.48911798396334477,0.4825623464145784,0.4661085428025075,4085,873
ridge_vs_background,B,ridge_only,222,0.8486238532110092,0.8449603917128796,0.8472549134702849,4092,872
ridge_vs_background,B,background_only,222,0.5068807339449541,0.488547076639051,0.4859029569094265,4092,872
ridge_vs_background,B,ridge_only,333,0.8291284403669725,0.8278000530509926,0.8314913389678787,4086,872
ridge_vs_background,B,background_only,333,0.49311926605504586,0.4757870510557933,0.4555807558370325,4086,872
ridge_vs_background,B,ridge_only,444,0.8361774744027304,0.8383296803522537,0.8368796986234568,4086,879
ridge_vs_background,B,background_only,444,0.46985210466439137,0.45902047034877375,0.4532355661757045,4086,879
ridge_vs_background,B,ridge_only,555,0.865979381443299,0.8655070433253127,0.8691098386373306,4085,873
ridge_vs_background,B,background_only,555,0.5177548682703322,0.5093987535007083,0.5006515338254474,4085,873
