filepath,filename,label,status,raw_coverage,final_coverage,n_components,fallback_used,high_coverage,low_coverage,error
/Users/a75027/Documents/GitHub/compsci-760-group-12/data/datasets/A+/cluster_0_2716.BMP,cluster_0_2716.BMP,A+,SUCCESS,0.5237661812297735,0.6947815533980582,1,False,False,False,
/Users/a75027/Documents/GitHub/compsci-760-group-12/data/datasets/B-/cluster_3_4584.BMP,cluster_3_4584.BMP,B-,SUCCESS,0.7282564724919094,0.8787419093851133,1,False,False,False,
/Users/a75027/Documents/GitHub/compsci-760-group-12/data/datasets/A-/cluster_1_739.BMP,cluster_1_739.BMP,A-,SUCCESS,0.633495145631068,0.7871156957928802,1,False,False,False,
/Users/a75027/Documents/GitHub/compsci-760-group-12/data/datasets/A+/cluster_0_3822.BMP,cluster_0_3822.BMP,A+,SUCCESS,0.6016383495145631,0.7625404530744336,1,False,False,False,
/Users/a75027/Documents/GitHub/compsci-760-group-12/data/datasets/B+/cluster_2_1006.BMP,cluster_2_1006.BMP,B+,SUCCESS,0.5384304207119741,0.7419093851132686,1,False,False,False,
/Users/a75027/Documents/GitHub/compsci-760-group-12/data/datasets/A-/cluster_1_124.BMP,cluster_1_124.BMP,A-,SUCCESS,0.6660598705501618,0.8337378640776699,1,False,False,False,
/Users/a75027/Documents/GitHub/compsci-760-group-12/data/datasets/O+/cluster_6_954.BMP,cluster_6_954.BMP,O+,SUCCESS,0.6602953074433657,0.8467839805825242,1,False,False,False,
/Users/a75027/Documents/GitHub/compsci-760-group-12/data/datasets/AB-/cluster_5_4051.BMP,cluster_5_4051.BMP,AB-,SUCCESS,0.5309466019417476,0.7560679611650486,1,False,False,False,
/Users/a75027/Documents/GitHub/compsci-760-group-12/data/datasets/O+/cluster_6_4785.BMP,cluster_6_4785.BMP,O+,SUCCESS,0.5690736245954693,0.7887338187702265,1,False,False,False,
/Users/a75027/Documents/GitHub/compsci-760-group-12/data/datasets/A+/cluster_0_3759.BMP,cluster_0_3759.BMP,A+,SUCCESS,0.608717637540453,0.7697208737864077,1,False,False,False,
/Users/a75027/Documents/GitHub/compsci-760-group-12/data/datasets/O+/cluster_6_5330.BMP,cluster_6_5330.BMP,O+,SUCCESS,0.5621966019417476,0.7062095469255664,1,False,False,False,
/Users/a75027/Documents/GitHub/compsci-760-group-12/data/datasets/A-/cluster_1_2230.BMP,cluster_1_2230.BMP,A-,SUCCESS,0.6011326860841424,0.8380865695792881,1,False,False,False,
/Users/a75027/Documents/GitHub/compsci-760-group-12/data/datasets/O-/cluster_7_2.BMP,cluster_7_2.BMP,O-,SUCCESS,0.3954022668411819,0.5341418585869838,1,False,False,False,
/Users/a75027/Documents/GitHub/compsci-760-group-12/data/datasets/B-/cluster_3_3185.BMP,cluster_3_3185.BMP,B-,SUCCESS,0.5086974110032363,0.6680825242718447,1,False,False,False,
/Users/a75027/Documents/GitHub/compsci-760-group-12/data/datasets/A+/cluster_0_3089.BMP,cluster_0_3089.BMP,A+,SUCCESS,0.5918284789644013,0.7409991909385113,1,False,False,False,
/Users/a75027/Documents/GitHub/compsci-760-group-12/data/datasets/O+/cluster_6_5352.BMP,cluster_6_5352.BMP,O+,SUCCESS,0.6587783171521036,0.8492111650485437,1,False,False,False,
/Users/a75027/Documents/GitHub/compsci-760-group-12/data/datasets/A-/cluster_1_3619.BMP,cluster_1_3619.BMP,A-,SUCCESS,0.6892192556634305,0.8548745954692557,1,False,False,False,
/Users/a75027/Documents/GitHub/compsci-760-group-12/data/datasets/A-/cluster_1_3477.BMP,cluster_1_3477.BMP,A-,SUCCESS,0.665453074433657,0.8179611650485437,1,False,False,False,
/Users/a75027/Documents/GitHub/compsci-760-group-12/data/datasets/B+/cluster_2_1559.BMP,cluster_2_1559.BMP,B+,SUCCESS,0.5409587378640777,0.7291666666666666,1,False,False,False,
/Users/a75027/Documents/GitHub/compsci-760-group-12/data/datasets/B-/cluster_3_3925.BMP,cluster_3_3925.BMP,B-,SUCCESS,0.7388754045307443,0.9210153721682848,1,False,True,False,
/Users/a75027/Documents/GitHub/compsci-760-group-12/data/datasets/B+/cluster_2_1703.BMP,cluster_2_1703.BMP,B+,SUCCESS,0.6070995145631068,0.8141181229773463,1,False,False,False,
/Users/a75027/Documents/GitHub/compsci-760-group-12/data/datasets/A+/cluster_0_5631.BMP,cluster_0_5631.BMP,A+,SUCCESS,0.6297532362459547,0.7763956310679612,1,False,False,False,
/Users/a75027/Documents/GitHub/compsci-760-group-12/data/datasets/B+/cluster_2_2205.BMP,cluster_2_2205.BMP,B+,SUCCESS,0.50707928802589,0.6591828478964401,1,False,False,False,
/Users/a75027/Documents/GitHub/compsci-760-group-12/data/datasets/A-/cluster_1_5778.BMP,cluster_1_5778.BMP,A-,SUCCESS,0.7257281553398058,0.8653923948220065,1,False,False,False,
/Users/a75027/Documents/GitHub/compsci-760-group-12/data/datasets/AB+/cluster_4_2700.BMP,cluster_4_2700.BMP,AB+,SUCCESS,0.6181229773462783,0.7627427184466019,1,False,False,False,
/Users/a75027/Documents/GitHub/compsci-760-group-12/data/datasets/B-/cluster_3_4141.BMP,cluster_3_4141.BMP,B-,SUCCESS,0.708029935275081,0.8556836569579288,1,False,False,False,
/Users/a75027/Documents/GitHub/compsci-760-group-12/data/datasets/O+/cluster_6_4049.BMP,cluster_6_4049.BMP,O+,SUCCESS,0.6336974110032363,0.7756877022653722,1,False,False,False,
/Users/a75027/Documents/GitHub/compsci-760-group-12/data/datasets/O+/cluster_6_5546.BMP,cluster_6_5546.BMP,O+,SUCCESS,0.5740291262135923,0.7675970873786407,1,False,False,False,
/Users/a75027/Documents/GitHub/compsci-760-group-12/data/datasets/B-/cluster_3_1790.BMP,cluster_3_1790.BMP,B-,SUCCESS,0.6093244336569579,0.8162419093851133,1,False,False,False,
/Users/a75027/Documents/GitHub/compsci-760-group-12/data/datasets/O-/cluster_7_3657.BMP,cluster_7_3657.BMP,O-,SUCCESS,0.5874797734627831,0.7424150485436893,1,False,False,False,
/Users/a75027/Documents/GitHub/compsci-760-group-12/data/datasets/A-/cluster_1_2694.BMP,cluster_1_2694.BMP,A-,SUCCESS,0.718042071197411,0.8650889967637541,1,False,False,False,
/Users/a75027/Documents/GitHub/compsci-760-group-12/data/datasets/A-/cluster_1_2977.BMP,cluster_1_2977.BMP,A-,SUCCESS,0.7356391585760518,0.9381067961165048,1,False,True,False,
/Users/a75027/Documents/GitHub/compsci-760-group-12/data/datasets/AB+/cluster_4_3978.BMP,cluster_4_3978.BMP,AB+,SUCCESS,0.5811084142394822,0.7147046925566343,1,False,False,False,
/Users/a75027/Documents/GitHub/compsci-760-group-12/data/datasets/A-/cluster_1_5039.BMP,cluster_1_5039.BMP,A-,SUCCESS,0.5310477346278317,0.7306836569579288,1,False,False,False,
/Users/a75027/Documents/GitHub/compsci-760-group-12/data/datasets/A-/cluster_1_4661.BMP,cluster_1_4661.BMP,A-,SUCCESS,0.6441140776699029,0.8670105177993528,1,False,False,False,
/Users/a75027/Documents/GitHub/compsci-760-group-12/data/datasets/AB-/cluster_5_853.BMP,cluster_5_853.BMP,AB-,SUCCESS,0.46197411003236244,0.703782362459547,1,False,False,False,
/Users/a75027/Documents/GitHub/compsci-760-group-12/data/datasets/B-/cluster_3_5148.BMP,cluster_3_5148.BMP,B-,SUCCESS,0.7212783171521036,0.8779328478964401,1,False,False,False,
/Users/a75027/Documents/GitHub/compsci-760-group-12/data/datasets/AB-/cluster_5_2993.BMP,cluster_5_2993.BMP,AB-,SUCCESS,0.5556229773462783,0.7624393203883495,1,False,False,False,
/Users/a75027/Documents/GitHub/compsci-760-group-12/data/datasets/B+/cluster_2_3803.BMP,cluster_2_3803.BMP,B+,SUCCESS,0.6086165048543689,0.7685072815533981,1,False,False,False,
/Users/a75027/Documents/GitHub/compsci-760-group-12/data/datasets/A-/cluster_1_2287.BMP,cluster_1_2287.BMP,A-,SUCCESS,0.5663430420711975,0.7933859223300971,1,False,False,False,
/Users/a75027/Documents/GitHub/compsci-760-group-12/data/datasets/A+/cluster_0_3741.BMP,cluster_0_3741.BMP,A+,SUCCESS,0.7867111650485437,0.9201051779935275,1,False,True,False,
/Users/a75027/Documents/GitHub/compsci-760-group-12/data/datasets/B+/cluster_2_2978.BMP,cluster_2_2978.BMP,B+,SUCCESS,0.540453074433657,0.7496966019417476,1,False,False,False,
/Users/a75027/Documents/GitHub/compsci-760-group-12/data/datasets/B-/cluster_3_4549.BMP,cluster_3_4549.BMP,B-,SUCCESS,0.4227346278317152,0.7293689320388349,2,False,False,False,
/Users/a75027/Documents/GitHub/compsci-760-group-12/data/datasets/A-/cluster_1_3862.BMP,cluster_1_3862.BMP,A-,SUCCESS,0.5740291262135923,0.8370752427184466,1,False,False,False,
/Users/a75027/Documents/GitHub/compsci-760-group-12/data/datasets/AB+/cluster_4_3287.BMP,cluster_4_3287.BMP,AB+,SUCCESS,0.5166868932038835,0.6667677993527508,1,False,False,False,
/Users/a75027/Documents/GitHub/compsci-760-group-12/data/datasets/O+/cluster_6_2249.BMP,cluster_6_2249.BMP,O+,SUCCESS,0.6279328478964401,0.8396035598705501,2,False,False,False,
/Users/a75027/Documents/GitHub/compsci-760-group-12/data/datasets/AB+/cluster_4_2666.BMP,cluster_4_2666.BMP,AB+,SUCCESS,0.4670307443365696,0.6702063106796117,1,False,False,False,
/Users/a75027/Documents/GitHub/compsci-760-group-12/data/datasets/A-/cluster_1_5359.BMP,cluster_1_5359.BMP,A-,SUCCESS,0.4901901294498382,0.7882281553398058,1,False,False,False,
/Users/a75027/Documents/GitHub/compsci-760-group-12/data/datasets/O+/cluster_6_3.BMP,cluster_6_3.BMP,O+,SUCCESS,0.6387540453074434,0.8047127831715211,1,False,False,False,
/Users/a75027/Documents/GitHub/compsci-760-group-12/data/datasets/A-/cluster_1_2638.BMP,cluster_1_2638.BMP,A-,SUCCESS,0.5793891585760518,0.7650687702265372,1,False,False,False,
