group_id,subject_ids,subject_count,image_count,blood_groups,blood_group_count,label_conflict
SUBJECT_GROUP_0001,1,1,10,A+;A-;B+;B-;O+;O-,6,True
SUBJECT_GROUP_0002,2,1,9,AB+;B+;O+,3,True
SUBJECT_GROUP_0003,3,1,10,A+;A-;AB+;B-;O+,5,True
SUBJECT_GROUP_0004,4,1,9,A+;AB+;B-;O+,4,True
SUBJECT_GROUP_0005,5,1,9,A+;A-;AB+;AB-;B-;O+;O-,7,True
SUBJECT_GROUP_0006,6,1,10,A+;A-;AB+;AB-;O+;O-,6,True
SUBJECT_GROUP_0007,7,1,10,A+;AB+;B+;B-,4,True
SUBJECT_GROUP_0008,8,1,10,A+;AB+;B-;O+,4,True
SUBJECT_GROUP_0009,9,1,10,A+;AB+;AB-;B+;B-;O-,6,True
SUBJECT_GROUP_0010,10,1,10,A+;A-;AB+;B-;O-,5,True
SUBJECT_GROUP_0011,11,1,10,A+;A-;AB-;B-;O+,5,True
SUBJECT_GROUP_0012,12,1,9,A-;AB-;B-;O+;O-,5,True
SUBJECT_GROUP_0013,13,1,9,A-;B+;B-;O+;O-,5,True
SUBJECT_GROUP_0014,14,1,10,A-;AB+;AB-;O+,4,True
SUBJECT_GROUP_0015,15,1,10,A+;A-;AB+;B+;B-;O+,6,True
SUBJECT_GROUP_0016,16,1,10,A+;A-;AB+;B+;B-,5,True
SUBJECT_GROUP_0017,17,1,10,A+;A-;AB+;AB-;B+;B-;O-,7,True
SUBJECT_GROUP_0018,18,1,10,A-;AB-;B+;B-;O+;O-,6,True
SUBJECT_GROUP_0019,19,1,10,A+;A-;AB-;B-;O+;O-,6,True
SUBJECT_GROUP_0020,20,1,9,A+;A-;AB+;AB-;B-;O+,6,True
SUBJECT_GROUP_0021,21,1,10,A+;A-;AB+;B+;B-;O+,6,True
SUBJECT_GROUP_0022,22,1,8,A-;AB+;B+;O+,4,True
SUBJECT_GROUP_0023,23,1,9,A+;A-;AB+;AB-;B-,5,True
SUBJECT_GROUP_0024,24,1,10,A+;A-;B+;B-;O-,5,True
SUBJECT_GROUP_0025,25,1,10,A+;A-;AB+;AB-;B+;B-;O+;O-,8,True
SUBJECT_GROUP_0026,26,1,10,A+;A-;AB+;B-;O+,5,True
SUBJECT_GROUP_0027,27,1,10,A-;AB+;AB-;B+;O-,5,True
SUBJECT_GROUP_0028,28,1,9,A-;AB+;AB-;B-;O+,5,True
SUBJECT_GROUP_0029,29,1,10,A-;AB-;B+;O+;O-,5,True
SUBJECT_GROUP_0030,30,1,9,A-;AB+;B+;O+,4,True
SUBJECT_GROUP_0031,31,1,10,A+;AB+;AB-;B+;B-;O-,6,True
SUBJECT_GROUP_0032,32,1,9,A-;AB+;B+;O+,4,True
SUBJECT_GROUP_0033,33,1,10,A+;A-;AB+;B+;B-;O-,6,True
SUBJECT_GROUP_0034,34,1,10,A+;A-;AB+;B+;B-;O+,6,True
SUBJECT_GROUP_0035,35,1,10,A+;A-;AB-;B-;O+,5,True
SUBJECT_GROUP_0036,36,1,10,A+;A-;B-;O+,4,True
SUBJECT_GROUP_0037,37,1,9,A+;A-;AB+;B-;O+,5,True
SUBJECT_GROUP_0038,38,1,9,AB+;B+;O+,3,True
SUBJECT_GROUP_0039,39,1,10,A+;A-;AB+;B-;O+,5,True
SUBJECT_GROUP_0040,40,1,10,A+;A-;AB+;B+;B-,5,True
SUBJECT_GROUP_0041,41,1,10,A+;A-;AB+;B+;B-;O+,6,True
SUBJECT_GROUP_0042,42,1,10,A+;A-;AB+;O-,4,True
SUBJECT_GROUP_0043,43,1,9,A-;AB+;AB-;B+;B-;O+,6,True
SUBJECT_GROUP_0044,44,1,10,A+;B+;O+;O-,4,True
SUBJECT_GROUP_0045,45,1,10,A+;A-;AB+;AB-;B+;B-;O-,7,True
SUBJECT_GROUP_0046,46,1,10,A-;AB-;B-;O+;O-,5,True
SUBJECT_GROUP_0047,47,1,10,A+;A-;AB+;B-;O+;O-,6,True
SUBJECT_GROUP_0048,48,1,10,A+;A-;AB+;O+;O-,5,True
SUBJECT_GROUP_0049,49,1,10,A+;A-;B+;B-;O+;O-,6,True
SUBJECT_GROUP_0050,50,1,10,A-;AB+;B+;B-;O+,5,True
SUBJECT_GROUP_0051,51,1,10,A+;AB+;B+;B-;O+;O-,6,True
SUBJECT_GROUP_0052,52,1,9,A-;AB-;B-;O-,4,True
SUBJECT_GROUP_0053,53,1,10,A+;A-;B+;B-;O+,5,True
SUBJECT_GROUP_0054,54,1,10,A+;A-;AB-;B-;O+,5,True
SUBJECT_GROUP_0055,55,1,10,A-;B-;O+,3,True
SUBJECT_GROUP_0056,56,1,10,A+;AB+;AB-;B+;O-,5,True
SUBJECT_GROUP_0057,57,1,10,A+;A-;B-;O+,4,True
SUBJECT_GROUP_0058,58,1,10,A-;AB-;B+;B-;O+,5,True
SUBJECT_GROUP_0059,59,1,10,A+;AB+;B+;O+,4,True
SUBJECT_GROUP_0060,60,1,10,A+;AB+;B-;O+,4,True
SUBJECT_GROUP_0061,61,1,9,A+;A-;AB+;B+;B-,5,True
SUBJECT_GROUP_0062,62,1,9,A-;AB-;B-;O-,4,True
SUBJECT_GROUP_0063,63,1,10,A+;A-;AB+;AB-;B+;O+,6,True
SUBJECT_GROUP_0064,64;203;219;249;260,5,48,A+;A-;AB+;AB-;B+;B-;O+;O-,8,True
SUBJECT_GROUP_0065,65,1,10,A-;AB+;B+;B-;O+;O-,6,True
SUBJECT_GROUP_0066,66,1,10,A-;AB-;B+;B-;O+;O-,6,True
SUBJECT_GROUP_0067,67,1,10,A+;AB+;B+;B-;O+,5,True
SUBJECT_GROUP_0068,68,1,10,A-;AB-;B-;O+,4,True
SUBJECT_GROUP_0069,69,1,10,A+;A-;AB-;O+;O-,5,True
SUBJECT_GROUP_0070,70,1,10,A+;A-;B+;B-;O+,5,True
SUBJECT_GROUP_0071,71,1,9,A+;A-;AB+;B+;B-;O-,6,True
SUBJECT_GROUP_0072,72,1,10,AB-;B-;O+;O-,4,True
SUBJECT_GROUP_0073,73,1,10,A+;A-;AB+;B-;O+;O-,6,True
SUBJECT_GROUP_0074,74,1,10,A-;AB-;B+;B-;O+;O-,6,True
SUBJECT_GROUP_0075,75,1,10,A-;AB+;AB-;B+;O+,5,True
SUBJECT_GROUP_0076,76,1,9,A-;AB+;AB-;B-;O+;O-,6,True
SUBJECT_GROUP_0077,77,1,10,A-;AB+;B-;O+,4,True
SUBJECT_GROUP_0078,78,1,9,A-;AB+;AB-;B-;O-,5,True
SUBJECT_GROUP_0079,79,1,10,A+;A-;AB+;B+;B-;O+,6,True
SUBJECT_GROUP_0080,80,1,10,A+;AB+;AB-;B+;B-;O+,6,True
SUBJECT_GROUP_0081,81,1,10,A+;A-;AB-;O-,4,True
SUBJECT_GROUP_0082,82,1,10,A-;AB-;B+;O+;O-,5,True
SUBJECT_GROUP_0083,83,1,10,A+;A-;AB-;B-;O+;O-,6,True
SUBJECT_GROUP_0084,84,1,10,A+;A-;AB-;B-;O+;O-,6,True
SUBJECT_GROUP_0085,85,1,9,A-;B-;O+,3,True
SUBJECT_GROUP_0086,86,1,10,A+;A-;AB+;B+;O+;O-,6,True
SUBJECT_GROUP_0087,87,1,9,A+;AB+;AB-;B+;B-,5,True
SUBJECT_GROUP_0088,88,1,10,A+;AB+;AB-;B-;O+;O-,6,True
SUBJECT_GROUP_0089,89,1,10,A+;A-;AB-;B-;O+;O-,6,True
SUBJECT_GROUP_0090,90,1,10,A-;AB+;AB-;O+;O-,5,True
SUBJECT_GROUP_0091,91,1,10,A+;AB+;B+;O-,4,True
SUBJECT_GROUP_0092,92;204;418,3,30,A-;AB+;AB-;B+;B-;O+;O-,7,True
SUBJECT_GROUP_0093,93,1,10,A-;AB-;B-;O+,4,True
SUBJECT_GROUP_0094,94,1,9,AB+;AB-;B+;O-,4,True
SUBJECT_GROUP_0095,95,1,9,A+;A-;AB-;B+;O+,5,True
SUBJECT_GROUP_0096,96,1,10,A-;AB+;B+;B-;O+;O-,6,True
SUBJECT_GROUP_0097,97,1,10,A+;A-;AB-;B+;B-;O+,6,True
SUBJECT_GROUP_0098,98,1,10,A+;A-;AB+;AB-;B+;B-;O-,7,True
SUBJECT_GROUP_0099,99,1,9,A+;AB+;AB-;B+;B-;O+,6,True
SUBJECT_GROUP_0100,100,1,10,A-;AB-;B+;B-;O+;O-,6,True
SUBJECT_GROUP_0101,101,1,10,A+;A-;AB+;B+;O+;O-,6,True
SUBJECT_GROUP_0102,102,1,10,A+;A-;AB-;B+;B-,5,True
SUBJECT_GROUP_0103,103,1,10,A+;AB-;B-;O-,4,True
SUBJECT_GROUP_0104,104,1,10,A-;B-;O+,3,True
SUBJECT_GROUP_0105,105,1,10,A-;AB+;AB-;B+;O+;O-,6,True
SUBJECT_GROUP_0106,106,1,8,A+;AB+;AB-;B-;O+;O-,6,True
SUBJECT_GROUP_0107,107,1,10,A+;A-;AB+;B-;O+,5,True
SUBJECT_GROUP_0108,108,1,10,A+;A-;B+;O+,4,True
SUBJECT_GROUP_0109,109,1,10,A-;AB-;O-,3,True
SUBJECT_GROUP_0110,110,1,10,A-;AB-;B+;B-;O+;O-,6,True
SUBJECT_GROUP_0111,111,1,7,A+;AB+;AB-;B-;O-,5,True
SUBJECT_GROUP_0112,112,1,9,A-;AB+;AB-;B+;O-,5,True
SUBJECT_GROUP_0113,113,1,9,A+;AB+;AB-;B+;B-;O+;O-,7,True
SUBJECT_GROUP_0114,114,1,10,A-;AB+;AB-;B+;B-;O+,6,True
SUBJECT_GROUP_0115,115,1,10,AB-;B+;B-;O-,4,True
SUBJECT_GROUP_0116,116,1,10,A+;AB+;AB-;B+;B-;O+,6,True
SUBJECT_GROUP_0117,117,1,10,A-;AB+;B+;B-;O+,5,True
SUBJECT_GROUP_0118,118,1,10,A+;AB+;AB-;B+;B-;O-,6,True
SUBJECT_GROUP_0119,119,1,10,AB-;B+;B-;O-,4,True
SUBJECT_GROUP_0120,120,1,10,A-;AB+;AB-;B-;O+;O-,6,True
SUBJECT_GROUP_0121,121,1,10,A-;AB+;AB-;B+;B-,5,True
SUBJECT_GROUP_0122,122,1,10,A-;AB+;AB-;B+;B-;O+;O-,7,True
SUBJECT_GROUP_0123,123,1,9,A-;AB+;AB-;B+;B-;O-,6,True
SUBJECT_GROUP_0124,124,1,10,A+;A-;AB+;B-;O+;O-,6,True
SUBJECT_GROUP_0125,125,1,10,A-;AB-;B+;B-;O+,5,True
SUBJECT_GROUP_0126,126,1,10,A-;AB+;B+;B-;O+;O-,6,True
SUBJECT_GROUP_0127,127,1,10,A-;AB+;B+,3,True
SUBJECT_GROUP_0128,128,1,10,A+;A-;AB+;B+;O+,5,True
SUBJECT_GROUP_0129,129,1,9,A+;A-;AB-;B+;B-;O+,6,True
SUBJECT_GROUP_0130,130,1,10,A+;A-;AB-;B+;B-;O-,6,True
SUBJECT_GROUP_0131,131,1,10,A+;A-;AB+;B+;O+;O-,6,True
SUBJECT_GROUP_0132,132,1,10,A-;AB-;B-;O+;O-,5,True
SUBJECT_GROUP_0133,133,1,10,A+;A-;AB+;B+;B-;O+,6,True
SUBJECT_GROUP_0134,134,1,10,A+;A-;AB+;AB-;B+;B-,6,True
SUBJECT_GROUP_0135,135,1,10,A+;A-;AB+;B+;B-;O+;O-,7,True
SUBJECT_GROUP_0136,136,1,10,A-;AB+;AB-;B+;O+;O-,6,True
SUBJECT_GROUP_0137,137,1,10,A+;A-;AB+;B+;O+;O-,6,True
SUBJECT_GROUP_0138,138,1,9,A+;A-;AB+;AB-;B+,5,True
SUBJECT_GROUP_0139,139,1,10,A+;A-;B+;B-;O+,5,True
SUBJECT_GROUP_0140,140,1,9,A-;B+;B-;O+,4,True
SUBJECT_GROUP_0141,141,1,10,A+;A-;AB+;B+;B-;O-,6,True
SUBJECT_GROUP_0142,142,1,10,A+;A-;AB-;B+;B-;O+;O-,7,True
SUBJECT_GROUP_0143,143,1,10,A+;A-;AB-;B+;B-;O+,6,True
SUBJECT_GROUP_0144,144,1,10,A+;A-;AB+;B+;B-,5,True
SUBJECT_GROUP_0145,145,1,10,A+;A-;B-;O+,4,True
SUBJECT_GROUP_0146,146,1,10,A+;A-;B+;B-;O+,5,True
SUBJECT_GROUP_0147,147,1,10,A-;AB-;B-;O+;O-,5,True
SUBJECT_GROUP_0148,148,1,9,A-;AB+;AB-;B-;O+;O-,6,True
SUBJECT_GROUP_0149,149,1,9,A-;B-;O+;O-,4,True
SUBJECT_GROUP_0150,150,1,9,A+;AB+;B-;O+;O-,5,True
SUBJECT_GROUP_0151,151,1,9,A+;A-;AB+;B+;B-,5,True
SUBJECT_GROUP_0152,152,1,9,A+;A-;AB+;B+;B-,5,True
SUBJECT_GROUP_0153,153,1,10,A+;AB-;B+;B-;O+;O-,6,True
SUBJECT_GROUP_0154,154,1,9,AB+;B+,2,True
SUBJECT_GROUP_0155,155,1,9,A+;A-;AB+;B+;B-;O+,6,True
SUBJECT_GROUP_0156,156,1,10,A+;AB+;B+;B-;O+,5,True
SUBJECT_GROUP_0157,157,1,10,AB+;AB-;B-;O+;O-,5,True
SUBJECT_GROUP_0158,158,1,10,A-;AB+;B-;O+,4,True
SUBJECT_GROUP_0159,159,1,9,A+;A-;B+;B-;O+;O-,6,True
SUBJECT_GROUP_0160,160,1,10,A+;A-;AB-;B+;B-;O+;O-,7,True
SUBJECT_GROUP_0161,161,1,10,A-;AB+;B-;O+;O-,5,True
SUBJECT_GROUP_0162,162,1,10,A+;A-;AB+;B-;O+,5,True
SUBJECT_GROUP_0163,163,1,9,A-;AB+;B+;B-;O+,5,True
SUBJECT_GROUP_0164,164,1,10,AB+;AB-;B+;B-;O+;O-,6,True
SUBJECT_GROUP_0165,165,1,10,A-;AB+;B+;B-;O+,5,True
SUBJECT_GROUP_0166,166,1,8,A-;B-;O+,3,True
SUBJECT_GROUP_0167,167,1,10,A+;A-;AB+;B-,4,True
SUBJECT_GROUP_0168,168,1,10,A-;AB+;B-;O+;O-,5,True
SUBJECT_GROUP_0169,169,1,10,A-;AB+;AB-;B-;O+;O-,6,True
SUBJECT_GROUP_0170,170,1,10,A+;A-;AB+;AB-;B+;O+;O-,7,True
SUBJECT_GROUP_0171,171,1,9,A+;A-;AB+;B+;O+,5,True
SUBJECT_GROUP_0172,172,1,10,A+;A-;B+;B-;O+;O-,6,True
SUBJECT_GROUP_0173,173,1,9,A-;AB+;B+;O+;O-,5,True
SUBJECT_GROUP_0174,174,1,10,A+;A-;AB+;B+;O+;O-,6,True
SUBJECT_GROUP_0175,175,1,10,A+;A-;AB+;B-;O+,5,True
SUBJECT_GROUP_0176,176,1,10,A-;AB-;O+;O-,4,True
SUBJECT_GROUP_0177,177,1,10,AB+;AB-;B+;B-;O-,5,True
SUBJECT_GROUP_0178,178,1,10,A+;A-;AB+;B+;B-;O+,6,True
SUBJECT_GROUP_0179,179,1,10,AB-;B-;O-,3,True
SUBJECT_GROUP_0180,180,1,10,AB-;B+;B-;O-,4,True
SUBJECT_GROUP_0181,181,1,10,A+;A-;AB+;AB-;B+;O+;O-,7,True
SUBJECT_GROUP_0182,182,1,10,A+;A-;AB+;B+;O+,5,True
SUBJECT_GROUP_0183,183,1,10,A+;A-;AB+;B+;B-;O+,6,True
SUBJECT_GROUP_0184,184,1,10,A-;AB+;AB-;B-;O+;O-,6,True
SUBJECT_GROUP_0185,185,1,10,A+;AB+;B+;B-;O+,5,True
SUBJECT_GROUP_0186,186,1,9,AB+;B+;B-,3,True
SUBJECT_GROUP_0187,187,1,10,A-;AB-;O-,3,True
SUBJECT_GROUP_0188,188,1,10,A+;A-;AB+;AB-;B+;B-;O+;O-,8,True
SUBJECT_GROUP_0189,189,1,10,A+;A-;AB-;B+;B-;O+;O-,7,True
SUBJECT_GROUP_0190,190,1,10,A-;AB-;B-;O+,4,True
SUBJECT_GROUP_0191,191,1,9,A+;A-;B-;O+;O-,5,True
SUBJECT_GROUP_0192,192,1,10,AB+;AB-;B-;O+;O-,5,True
SUBJECT_GROUP_0193,193,1,10,A+;A-;AB+;B+;B-;O+,6,True
SUBJECT_GROUP_0194,194,1,10,AB-;B-;O+,3,True
SUBJECT_GROUP_0195,195,1,10,A-;AB-;B-;O+,4,True
SUBJECT_GROUP_0196,196,1,9,A-;AB-;B-;O+;O-,5,True
SUBJECT_GROUP_0197,197,1,10,A-;AB+;B+;B-;O+,5,True
SUBJECT_GROUP_0198,198,1,10,A+;A-;AB-;B+;O-,5,True
SUBJECT_GROUP_0199,199,1,10,A+;AB-;B+;B-;O-,5,True
SUBJECT_GROUP_0200,200,1,10,AB-;B-;O+;O-,4,True
SUBJECT_GROUP_0201,201,1,10,AB-;O-,2,True
SUBJECT_GROUP_0202,202,1,10,A+;A-;AB+;AB-;B+;O+,6,True
SUBJECT_GROUP_0203,205,1,10,A-;AB+;AB-;B+;O-,5,True
SUBJECT_GROUP_0204,206,1,10,A-;AB+;AB-;B-;O+,5,True
SUBJECT_GROUP_0205,207,1,10,A+;A-;AB-;B+;O-,5,True
SUBJECT_GROUP_0206,208,1,9,A-;AB-;O+,3,True
SUBJECT_GROUP_0207,209,1,10,A+;A-;AB-;B-;O-,5,True
SUBJECT_GROUP_0208,210,1,10,A-;AB-;B+;B-;O+;O-,6,True
SUBJECT_GROUP_0209,211,1,9,A+;AB-;O+;O-,4,True
SUBJECT_GROUP_0210,212,1,10,A+;AB+;AB-;B+;O+;O-,6,True
SUBJECT_GROUP_0211,213,1,10,AB-;B-;O+;O-,4,True
SUBJECT_GROUP_0212,214,1,10,A+;A-;AB+;B+;B-;O-,6,True
SUBJECT_GROUP_0213,215,1,10,A-;AB+;AB-;B+;B-;O-,6,True
SUBJECT_GROUP_0214,216,1,9,AB+;AB-;B+;B-;O+,5,True
SUBJECT_GROUP_0215,217,1,10,A-;AB+;B+;B-;O+,5,True
SUBJECT_GROUP_0216,218,1,10,A+;A-;AB-;B+;B-;O+,6,True
SUBJECT_GROUP_0217,220,1,10,A+;A-;AB+;B+;B-;O-,6,True
SUBJECT_GROUP_0218,221,1,10,A+;AB+;B+;B-,4,True
SUBJECT_GROUP_0219,222,1,10,A-;B-;O+,3,True
SUBJECT_GROUP_0220,223,1,10,A-;AB+;B-;O+;O-,5,True
SUBJECT_GROUP_0221,224,1,9,A+;A-;AB+;B+;O+,5,True
SUBJECT_GROUP_0222,225,1,10,A+;A-;AB-;B+;B-;O+,6,True
SUBJECT_GROUP_0223,226,1,10,A+;A-;AB+;AB-;B-;O+;O-,7,True
SUBJECT_GROUP_0224,227,1,9,A+;A-;B-;O+,4,True
SUBJECT_GROUP_0225,228,1,10,A+;A-;AB+;B-;O+;O-,6,True
SUBJECT_GROUP_0226,229,1,9,A-;AB+;B+;B-;O+,5,True
SUBJECT_GROUP_0227,230,1,10,A+;A-;B-;O+,4,True
SUBJECT_GROUP_0228,231,1,10,A+;A-;AB+;B-;O+,5,True
SUBJECT_GROUP_0229,232,1,10,A-;AB+;AB-;B+;O+,5,True
SUBJECT_GROUP_0230,233,1,10,A-;AB+;AB-;B-;O+,5,True
SUBJECT_GROUP_0231,234,1,10,A-;AB-;B-;O+,4,True
SUBJECT_GROUP_0232,235,1,10,A+;A-;AB+;AB-;B+;B-;O-,7,True
SUBJECT_GROUP_0233,236,1,10,A+;A-;B+;B-;O+,5,True
SUBJECT_GROUP_0234,237,1,9,A-;AB+;AB-;B+;B-;O+,6,True
SUBJECT_GROUP_0235,238,1,8,A+;A-;AB+;B+;B-;O-,6,True
SUBJECT_GROUP_0236,239,1,9,A+;AB+;AB-;B+;B-;O+,6,True
SUBJECT_GROUP_0237,240,1,10,A+;A-;AB+;AB-;O+,5,True
SUBJECT_GROUP_0238,241,1,10,A+;AB-;B+;B-;O+;O-,6,True
SUBJECT_GROUP_0239,242,1,10,A-;AB+;AB-;B-;O+;O-,6,True
SUBJECT_GROUP_0240,243,1,10,AB-;O-,2,True
SUBJECT_GROUP_0241,244,1,10,A+;A-;AB+;B+;B-;O+,6,True
SUBJECT_GROUP_0242,245,1,9,A-;AB+;B+;B-;O+,5,True
SUBJECT_GROUP_0243,246,1,9,A+;A-;AB-;B+;B-;O+;O-,7,True
SUBJECT_GROUP_0244,247,1,10,A-;AB+;AB-;B+;O-,5,True
SUBJECT_GROUP_0245,248,1,9,A+;A-;AB+;B+;B-,5,True
SUBJECT_GROUP_0246,250,1,10,AB+;AB-;B-;O+;O-,5,True
SUBJECT_GROUP_0247,251,1,10,A+;A-;AB+;AB-;B+;B-;O+,7,True
SUBJECT_GROUP_0248,252,1,10,A-;AB-;B+;B-;O-,5,True
SUBJECT_GROUP_0249,253,1,10,A+;AB-;B-;O-,4,True
SUBJECT_GROUP_0250,254,1,10,A+;A-;AB+;AB-;O+;O-,6,True
SUBJECT_GROUP_0251,255,1,10,A+;A-;AB-;B+;B-;O+,6,True
SUBJECT_GROUP_0252,256,1,10,A+;A-;AB+;AB-;B-;O+,6,True
SUBJECT_GROUP_0253,257,1,8,A+;A-;AB-;B+;B-;O+,6,True
SUBJECT_GROUP_0254,258,1,9,A+;A-;AB-;B+;B-;O-,6,True
SUBJECT_GROUP_0255,259,1,10,A+;A-;AB-;B-;O+;O-,6,True
SUBJECT_GROUP_0256,261,1,10,A+;AB+;AB-;B-,4,True
SUBJECT_GROUP_0257,262,1,10,A-;AB+;AB-;B-;O+;O-,6,True
SUBJECT_GROUP_0258,263,1,9,A-;AB-;O-,3,True
SUBJECT_GROUP_0259,264,1,10,A-;AB+;AB-;B+;O-,5,True
SUBJECT_GROUP_0260,265,1,10,A+;A-;B+;B-;O-,5,True
SUBJECT_GROUP_0261,266,1,10,A-;AB-;O+;O-,4,True
SUBJECT_GROUP_0262,267,1,10,A+;A-;B+;B-;O-,5,True
SUBJECT_GROUP_0263,268,1,10,AB+;AB-;B+;O+;O-,5,True
SUBJECT_GROUP_0264,269,1,10,A+;A-;AB+;B+;B-;O+;O-,7,True
SUBJECT_GROUP_0265,270,1,10,A-;AB+;AB-;B+;O+;O-,6,True
SUBJECT_GROUP_0266,271,1,8,A-;AB+;B+;B-;O-,5,True
SUBJECT_GROUP_0267,272,1,9,A+;A-;B+;B-;O+,5,True
SUBJECT_GROUP_0268,273,1,9,A-;AB+;B+;B-;O+,5,True
SUBJECT_GROUP_0269,274,1,10,A-;B-;O+,3,True
SUBJECT_GROUP_0270,275,1,10,A+;A-;AB+;B-;O+;O-,6,True
SUBJECT_GROUP_0271,276,1,10,A-;AB-;B+;B-;O-,5,True
SUBJECT_GROUP_0272,277,1,10,AB+;AB-;B+;B-;O-,5,True
SUBJECT_GROUP_0273,278,1,10,A-;AB+;AB-;B-;O-,5,True
SUBJECT_GROUP_0274,279,1,10,A+;A-;AB+;B+;B-;O-,6,True
SUBJECT_GROUP_0275,280,1,10,A+;A-;AB-;B-;O+,5,True
SUBJECT_GROUP_0276,281,1,10,A+;A-;AB+;O+;O-,5,True
SUBJECT_GROUP_0277,282,1,10,A+;A-;B+;O+,4,True
SUBJECT_GROUP_0278,283,1,10,A+;A-;AB+;B-;O+;O-,6,True
SUBJECT_GROUP_0279,284,1,10,A+;AB-;B-;O-,4,True
SUBJECT_GROUP_0280,285,1,10,A+;A-;AB-;O+;O-,5,True
SUBJECT_GROUP_0281,286,1,10,A-;AB-;B-;O-,4,True
SUBJECT_GROUP_0282,287,1,10,A+;A-;AB+;B+;B-;O+;O-,7,True
SUBJECT_GROUP_0283,288,1,10,A-;AB+;AB-;B+;B-;O+,6,True
SUBJECT_GROUP_0284,289,1,10,A-;AB+;AB-;B+;O-,5,True
SUBJECT_GROUP_0285,290,1,9,AB-;B-;O+;O-,4,True
SUBJECT_GROUP_0286,291,1,10,A+;A-;AB+;AB-;B-;O+,6,True
SUBJECT_GROUP_0287,292,1,10,A-;AB-;B+;O+;O-,5,True
SUBJECT_GROUP_0288,293,1,9,AB+;AB-;B+;B-;O+,5,True
SUBJECT_GROUP_0289,294,1,10,A-;AB+;B+;B-;O+,5,True
SUBJECT_GROUP_0290,295,1,10,A-;AB+;B+;B-;O+,5,True
SUBJECT_GROUP_0291,296,1,10,A+;A-;B+;B-;O+;O-,6,True
SUBJECT_GROUP_0292,297;511;553;554;577;590,6,58,A+;A-;AB+;AB-;B+;B-;O+;O-,8,True
SUBJECT_GROUP_0293,298,1,10,A-;AB+;B-;O+,4,True
SUBJECT_GROUP_0294,299,1,10,A+;A-;AB-;O+,4,True
SUBJECT_GROUP_0295,300,1,10,A+;AB+;AB-;B+;B-;O-,6,True
SUBJECT_GROUP_0296,301,1,10,A+;AB-;B+;B-;O-,5,True
SUBJECT_GROUP_0297,302,1,10,A-;AB-;B-;O-,4,True
SUBJECT_GROUP_0298,303,1,10,A+;AB+;AB-;B+;B-;O-,6,True
SUBJECT_GROUP_0299,304,1,8,A+;A-;AB+;AB-;B+;O-,6,True
SUBJECT_GROUP_0300,305,1,10,A+;A-;O+;O-,4,True
SUBJECT_GROUP_0301,306,1,10,AB-;O+;O-,3,True
SUBJECT_GROUP_0302,307,1,10,AB+;B+;B-;O+,4,True
SUBJECT_GROUP_0303,308,1,10,A-;AB-;B+;O+;O-,5,True
SUBJECT_GROUP_0304,309,1,9,A-;AB+;B+;B-;O+;O-,6,True
SUBJECT_GROUP_0305,310,1,9,A-;AB+;AB-;B-;O+;O-,6,True
SUBJECT_GROUP_0306,311,1,10,B+;B-;O+,3,True
SUBJECT_GROUP_0307,312,1,10,AB-;O+;O-,3,True
SUBJECT_GROUP_0308,313,1,10,A-;AB+;B-;O+;O-,5,True
SUBJECT_GROUP_0309,314,1,10,A+;A-;B-;O+,4,True
SUBJECT_GROUP_0310,315,1,9,A+;A-;AB+;AB-;B-;O-,6,True
SUBJECT_GROUP_0311,316,1,9,A+;AB+;B+;B-,4,True
SUBJECT_GROUP_0312,317,1,10,A-;AB-;B+;B-;O+,5,True
SUBJECT_GROUP_0313,318,1,10,A+;A-;AB-;B+;O+,5,True
SUBJECT_GROUP_0314,319,1,10,A+;A-;AB+;AB-;B+;O+;O-,7,True
SUBJECT_GROUP_0315,320,1,10,A+;A-;AB+;B+;B-;O+;O-,7,True
SUBJECT_GROUP_0316,321,1,9,A-;AB+;B+;B-;O+,5,True
SUBJECT_GROUP_0317,322,1,10,A+;A-;AB-;B+;O+;O-,6,True
SUBJECT_GROUP_0318,323,1,10,A-;AB-;B+;B-;O+,5,True
SUBJECT_GROUP_0319,324,1,10,A-;AB-;O+;O-,4,True
SUBJECT_GROUP_0320,325,1,9,A+;A-;AB+;AB-;B-;O+,6,True
SUBJECT_GROUP_0321,326,1,10,A-;AB+;B+;B-;O+;O-,6,True
SUBJECT_GROUP_0322,327,1,10,A+;A-;AB+;AB-;B+;B-;O+;O-,8,True
SUBJECT_GROUP_0323,328,1,9,A+;A-;AB+;AB-;B+,5,True
SUBJECT_GROUP_0324,329,1,10,A+;A-;AB+;B+;B-;O+,6,True
SUBJECT_GROUP_0325,330,1,9,A+;A-;AB+;AB-;B-,5,True
SUBJECT_GROUP_0326,331,1,10,A-;B+;B-;O+,4,True
SUBJECT_GROUP_0327,332,1,10,A+;A-;AB+;B-;O-,5,True
SUBJECT_GROUP_0328,333,1,10,A-;AB+;B+;B-;O+;O-,6,True
SUBJECT_GROUP_0329,334,1,10,A-;B+;B-;O+,4,True
SUBJECT_GROUP_0330,335,1,10,A-;AB-;O-,3,True
SUBJECT_GROUP_0331,336,1,10,A+;A-;AB+;B-;O+,5,True
SUBJECT_GROUP_0332,337,1,10,A-;AB+;AB-;B+;B-,5,True
SUBJECT_GROUP_0333,338,1,10,A-;AB-;B+;B-;O+;O-,6,True
SUBJECT_GROUP_0334,339,1,10,A-;AB-;B-;O+;O-,5,True
SUBJECT_GROUP_0335,340,1,10,AB-;B+;O+;O-,4,True
SUBJECT_GROUP_0336,341,1,10,A-;AB-;B-;O-,4,True
SUBJECT_GROUP_0337,342,1,10,A-;AB+;AB-;B+;B-,5,True
SUBJECT_GROUP_0338,343,1,10,A+;A-;AB-;B-;O-,5,True
SUBJECT_GROUP_0339,344,1,9,A+;A-;AB+;AB-;B+;O+,6,True
SUBJECT_GROUP_0340,345,1,10,A+;B+;B-;O+;O-,5,True
SUBJECT_GROUP_0341,346,1,9,A-;AB+;B+;O+,4,True
SUBJECT_GROUP_0342,347,1,10,A+;AB+;B+;B-;O+,5,True
SUBJECT_GROUP_0343,348,1,9,AB+;AB-;O-,3,True
SUBJECT_GROUP_0344,349,1,10,AB-;O+;O-,3,True
SUBJECT_GROUP_0345,350,1,10,A+;A-;AB+;AB-;B-;O+;O-,7,True
SUBJECT_GROUP_0346,351,1,9,A-;AB+;B+;B-;O+,5,True
SUBJECT_GROUP_0347,352,1,9,A+;A-;AB+;B-;O+,5,True
SUBJECT_GROUP_0348,353,1,9,A+;A-;AB-;B-;O-,5,True
SUBJECT_GROUP_0349,354,1,8,A+;AB+;AB-;B+;B-,5,True
SUBJECT_GROUP_0350,355,1,10,A-;B+;B-;O+,4,True
SUBJECT_GROUP_0351,356,1,10,A-;B-;O+,3,True
SUBJECT_GROUP_0352,357,1,10,AB+;AB-;B+;B-;O+;O-,6,True
SUBJECT_GROUP_0353,358,1,10,A+;A-;AB-;B+;B-,5,True
SUBJECT_GROUP_0354,359,1,10,AB+;AB-;B+;B-;O+;O-,6,True
SUBJECT_GROUP_0355,360,1,9,A-;B+;B-;O+;O-,5,True
SUBJECT_GROUP_0356,361,1,10,A+;A-;AB+;B+;B-;O-,6,True
SUBJECT_GROUP_0357,362,1,10,A+;A-;AB+;AB-;B-;O+;O-,7,True
SUBJECT_GROUP_0358,363;376,2,20,A-;AB+;AB-;B-;O+;O-,6,True
SUBJECT_GROUP_0359,364,1,9,A-;AB+;O+,3,True
SUBJECT_GROUP_0360,365,1,10,A+;A-;AB+;B+;B-;O+,6,True
SUBJECT_GROUP_0361,366,1,10,A+;A-;AB+;B+;B-;O+,6,True
SUBJECT_GROUP_0362,367,1,10,A+;AB+;AB-;B+;O-,5,True
SUBJECT_GROUP_0363,368,1,10,A+;A-;AB-;B+;B-;O+,6,True
SUBJECT_GROUP_0364,369,1,10,A+;A-;AB+;B+;B-;O+;O-,7,True
SUBJECT_GROUP_0365,370,1,10,A-;AB+;AB-;B+;B-;O+;O-,7,True
SUBJECT_GROUP_0366,371,1,10,A+;A-;AB+;B+;B-;O+,6,True
SUBJECT_GROUP_0367,372,1,8,A-;AB-;B-;O+;O-,5,True
SUBJECT_GROUP_0368,373,1,10,A-;AB-;B-;O+;O-,5,True
SUBJECT_GROUP_0369,374,1,9,AB+;AB-;B+;B-;O+,5,True
SUBJECT_GROUP_0370,375,1,10,A-;AB+;B+;B-;O-,5,True
SUBJECT_GROUP_0371,377,1,10,A-;AB+;B+;B-;O+;O-,6,True
SUBJECT_GROUP_0372,378,1,9,AB-;B-;O+;O-,4,True
SUBJECT_GROUP_0373,379,1,10,A-;AB+;AB-;B+;O+;O-,6,True
SUBJECT_GROUP_0374,380,1,10,A+;A-;AB+;B-;O+,5,True
SUBJECT_GROUP_0375,381,1,10,A+;A-;AB-;B+;B-,5,True
SUBJECT_GROUP_0376,382,1,10,A+;A-;AB+;B+;B-;O+,6,True
SUBJECT_GROUP_0377,383,1,9,A+;A-;O+;O-,4,True
SUBJECT_GROUP_0378,384,1,10,A-;AB+;AB-;B+;O+,5,True
SUBJECT_GROUP_0379,385,1,10,A-;AB-;O+;O-,4,True
SUBJECT_GROUP_0380,386,1,10,A+;A-;AB-;B-;O+,5,True
SUBJECT_GROUP_0381,387,1,10,A-;AB-;O+;O-,4,True
SUBJECT_GROUP_0382,388,1,10,AB+;AB-;B+;O+;O-,5,True
SUBJECT_GROUP_0383,389,1,10,A+;A-;AB-;B+;O-,5,True
SUBJECT_GROUP_0384,390,1,10,A-;AB+;AB-;B+;B-;O+,6,True
SUBJECT_GROUP_0385,391,1,10,A-;AB+;B+;B-,4,True
SUBJECT_GROUP_0386,392,1,10,A-;B-;O+,3,True
SUBJECT_GROUP_0387,393,1,10,A+;A-;B-;O+,4,True
SUBJECT_GROUP_0388,394,1,10,AB+;AB-;B-;O+;O-,5,True
SUBJECT_GROUP_0389,395,1,9,AB+;B+;B-;O+,4,True
SUBJECT_GROUP_0390,396,1,10,A+;A-;AB-;B-;O-,5,True
SUBJECT_GROUP_0391,397,1,10,A-;AB+;B+;B-;O+,5,True
SUBJECT_GROUP_0392,398,1,10,A+;AB+;AB-;B+;O+,5,True
SUBJECT_GROUP_0393,399,1,10,A+;A-;AB+;B+;B-;O+,6,True
SUBJECT_GROUP_0394,400,1,10,A+;A-;AB-;B-;O+;O-,6,True
SUBJECT_GROUP_0395,401,1,10,A-;AB+;AB-;B+;B-;O+;O-,7,True
SUBJECT_GROUP_0396,402,1,10,A+;A-;AB+;AB-;B-;O-,6,True
SUBJECT_GROUP_0397,403,1,10,A-;AB-;B+;B-;O+;O-,6,True
SUBJECT_GROUP_0398,404,1,10,A-;B-;O+,3,True
SUBJECT_GROUP_0399,405,1,9,AB+;B-;O+;O-,4,True
SUBJECT_GROUP_0400,406,1,10,AB+;AB-;O-,3,True
SUBJECT_GROUP_0401,407,1,9,A-;AB+;B-;O+,4,True
SUBJECT_GROUP_0402,408,1,9,A-;AB+;AB-;B+;B-;O+,6,True
SUBJECT_GROUP_0403,409,1,9,A+;AB+;AB-;B-;O+;O-,6,True
SUBJECT_GROUP_0404,410,1,10,A-;AB-;B+;B-;O+,5,True
SUBJECT_GROUP_0405,411,1,10,AB+;AB-;B+;B-;O+;O-,6,True
SUBJECT_GROUP_0406,412,1,10,A-;AB-;B-;O+;O-,5,True
SUBJECT_GROUP_0407,413,1,10,A-;AB+;AB-;B-;O+;O-,6,True
SUBJECT_GROUP_0408,414,1,10,A+;A-;AB-;O+;O-,5,True
SUBJECT_GROUP_0409,415,1,10,A+;A-;AB+;B+;B-,5,True
SUBJECT_GROUP_0410,416,1,9,AB+;B+;B-;O+,4,True
SUBJECT_GROUP_0411,417,1,10,A-;AB-;B-;O+;O-,5,True
SUBJECT_GROUP_0412,419,1,10,A-;AB-;O+;O-,4,True
SUBJECT_GROUP_0413,420,1,10,A+;AB-;B+;B-;O-,5,True
SUBJECT_GROUP_0414,421,1,10,AB+;AB-;B+;B-;O-,5,True
SUBJECT_GROUP_0415,422,1,9,A+;A-;AB-;O+,4,True
SUBJECT_GROUP_0416,423,1,8,A+;AB+;B+;B-,4,True
SUBJECT_GROUP_0417,424,1,10,A-;AB+;AB-;B-;O+;O-,6,True
SUBJECT_GROUP_0418,425,1,9,A+;A-;AB-;B+;B-;O-,6,True
SUBJECT_GROUP_0419,426,1,10,AB+;AB-;B-;O+;O-,5,True
SUBJECT_GROUP_0420,427,1,9,A+;A-;AB+;AB-;B+;B-;O+;O-,8,True
SUBJECT_GROUP_0421,428,1,9,A+;B+;B-;O+,4,True
SUBJECT_GROUP_0422,429,1,10,A+;A-;AB+;AB-;B-,5,True
SUBJECT_GROUP_0423,430,1,10,A-;AB+;AB-;B+;O+;O-,6,True
SUBJECT_GROUP_0424,431,1,10,A+;AB+;AB-;B-;O-,5,True
SUBJECT_GROUP_0425,432,1,10,A-;AB+;B-;O+,4,True
SUBJECT_GROUP_0426,433,1,10,A+;A-;AB+;B-;O+;O-,6,True
SUBJECT_GROUP_0427,434,1,10,A+;A-;AB-;B-;O+;O-,6,True
SUBJECT_GROUP_0428,435,1,10,A-;AB+;B-;O+;O-,5,True
SUBJECT_GROUP_0429,436,1,10,A-;AB+;B-;O+,4,True
SUBJECT_GROUP_0430,437,1,10,A+;A-;AB+;AB-;B+;B-;O-,7,True
SUBJECT_GROUP_0431,438,1,10,A+;A-;AB+;AB-;B+;B-;O+;O-,8,True
SUBJECT_GROUP_0432,439,1,10,A+;A-;AB+;B+;B-;O+;O-,7,True
SUBJECT_GROUP_0433,440,1,10,A+;A-;AB+;B+;B-;O+,6,True
SUBJECT_GROUP_0434,441,1,9,A+;AB+;B-;O+;O-,5,True
SUBJECT_GROUP_0435,442,1,10,A-;AB+;AB-;B+;B-;O-,6,True
SUBJECT_GROUP_0436,443,1,10,A-;AB-;B-;O+,4,True
SUBJECT_GROUP_0437,444,1,10,A-;AB+;AB-;B+;B-;O+,6,True
SUBJECT_GROUP_0438,445,1,10,A+;A-;B+;O+;O-,5,True
SUBJECT_GROUP_0439,446,1,10,AB-;B-;O+;O-,4,True
SUBJECT_GROUP_0440,447,1,9,A+;A-;AB-;O+;O-,5,True
SUBJECT_GROUP_0441,448,1,10,A+;A-;B-;O+,4,True
SUBJECT_GROUP_0442,449,1,10,AB-;B+;B-;O+;O-,5,True
SUBJECT_GROUP_0443,450,1,10,A+;AB+;B+,3,True
SUBJECT_GROUP_0444,451,1,10,A+;A-;AB+;B+;B-;O+,6,True
SUBJECT_GROUP_0445,452,1,9,A-;AB-;B+;B-;O-,5,True
SUBJECT_GROUP_0446,453,1,10,A-;AB+;AB-;O+;O-,5,True
SUBJECT_GROUP_0447,454,1,10,AB+;AB-;B+;O+;O-,5,True
SUBJECT_GROUP_0448,455,1,10,A-;AB-;B+;B-;O+,5,True
SUBJECT_GROUP_0449,456,1,8,A-;AB+;AB-;B-;O+,5,True
SUBJECT_GROUP_0450,457,1,10,A-;AB-;B+;O+,4,True
SUBJECT_GROUP_0451,458,1,10,A+;AB+;B+;B-;O+,5,True
SUBJECT_GROUP_0452,459,1,9,A+;A-;AB+;AB-;B+;B-;O+,7,True
SUBJECT_GROUP_0453,460,1,10,A+;AB+;AB-;B-;O+;O-,6,True
SUBJECT_GROUP_0454,461,1,10,A+;A-;AB+;AB-;B+,5,True
SUBJECT_GROUP_0455,462,1,10,A+;A-;AB+;B+;B-;O+,6,True
SUBJECT_GROUP_0456,463,1,10,A+;A-;AB-;B-;O+;O-,6,True
SUBJECT_GROUP_0457,464,1,8,A+;A-;AB+;B+;B-;O+,6,True
SUBJECT_GROUP_0458,465,1,10,A-;AB-;B-;O+;O-,5,True
SUBJECT_GROUP_0459,466,1,10,AB+;AB-;B-;O+;O-,5,True
SUBJECT_GROUP_0460,467,1,9,A+;A-;AB+;B+;B-;O+,6,True
SUBJECT_GROUP_0461,468,1,10,A-;AB+;AB-;B-;O+;O-,6,True
SUBJECT_GROUP_0462,469,1,9,A+;A-;AB+;B-;O+,5,True
SUBJECT_GROUP_0463,470,1,9,AB+;B+;B-;O-,4,True
SUBJECT_GROUP_0464,471,1,10,A+;A-;AB+;B+;B-,5,True
SUBJECT_GROUP_0465,472,1,10,A-;AB+;B+;B-;O+,5,True
SUBJECT_GROUP_0466,473,1,10,A+;A-;AB-;B-;O+;O-,6,True
SUBJECT_GROUP_0467,474,1,10,A+;AB-;B+;B-;O-,5,True
SUBJECT_GROUP_0468,475,1,9,A-;AB-;B-;O+;O-,5,True
SUBJECT_GROUP_0469,476,1,10,A-;AB-;B+;B-;O+;O-,6,True
SUBJECT_GROUP_0470,477,1,10,A-;AB-;O-,3,True
SUBJECT_GROUP_0471,478,1,10,A+;AB+;B+;B-;O+,5,True
SUBJECT_GROUP_0472,479,1,10,A+;A-;AB+;AB-;B+;B-;O+,7,True
SUBJECT_GROUP_0473,480,1,10,A-;AB-;B+;B-;O+;O-,6,True
SUBJECT_GROUP_0474,481,1,10,A+;A-;AB+;AB-;B+;O+;O-,7,True
SUBJECT_GROUP_0475,482,1,10,AB+;AB-;B+;B-;O+,5,True
SUBJECT_GROUP_0476,483,1,10,A+;A-;AB+;B+;B-;O+;O-,7,True
SUBJECT_GROUP_0477,484,1,10,A-;AB-;B+;O+,4,True
SUBJECT_GROUP_0478,485,1,10,A+;AB+;B+;B-;O-,5,True
SUBJECT_GROUP_0479,486,1,10,A-;AB+;AB-;O-,4,True
SUBJECT_GROUP_0480,487,1,9,A-;AB+;AB-;B-;O+;O-,6,True
SUBJECT_GROUP_0481,488,1,8,A+;A-;AB+;B+,4,True
SUBJECT_GROUP_0482,489,1,10,A-;AB+;AB-;O+,4,True
SUBJECT_GROUP_0483,490,1,10,A+;A-;AB+;AB-;B-;O+;O-,7,True
SUBJECT_GROUP_0484,491,1,10,A-;AB+;B+;B-;O+,5,True
SUBJECT_GROUP_0485,492,1,10,AB+;AB-;B+;B-;O-,5,True
SUBJECT_GROUP_0486,493,1,10,A+;A-;AB-;B+;B-;O+;O-,7,True
SUBJECT_GROUP_0487,494,1,10,A-;AB-;O-,3,True
SUBJECT_GROUP_0488,495,1,10,A-;AB+;B+;B-;O+,5,True
SUBJECT_GROUP_0489,496,1,10,A-;AB-;B-;O+;O-,5,True
SUBJECT_GROUP_0490,497,1,10,A+;AB+;B+;B-;O+;O-,6,True
SUBJECT_GROUP_0491,498,1,10,A+;A-;AB+;B+;B-;O+,6,True
SUBJECT_GROUP_0492,499,1,10,A+;AB+;B-;O+,4,True
SUBJECT_GROUP_0493,500,1,10,A-;AB-;O-,3,True
SUBJECT_GROUP_0494,501,1,10,AB+;AB-;B-;O-,4,True
SUBJECT_GROUP_0495,502,1,10,AB-;B+;O-,3,True
SUBJECT_GROUP_0496,503,1,10,A+;AB+;AB-;B+;B-;O+;O-,7,True
SUBJECT_GROUP_0497,504,1,10,A+;A-;AB+;AB-;B-;O+,6,True
SUBJECT_GROUP_0498,505,1,10,A+;A-;AB-;B+;B-;O+,6,True
SUBJECT_GROUP_0499,506,1,10,A-;B+;O+;O-,4,True
SUBJECT_GROUP_0500,507,1,10,A-;AB+;AB-;O+;O-,5,True
SUBJECT_GROUP_0501,508,1,9,A-;AB+;B+;B-,4,True
SUBJECT_GROUP_0502,509,1,10,A+;A-;AB-;B+;O+;O-,6,True
SUBJECT_GROUP_0503,510,1,10,A-;AB+;B-;O+,4,True
SUBJECT_GROUP_0504,512,1,10,A-;AB-;B-;O+,4,True
SUBJECT_GROUP_0505,513,1,10,A+;A-;AB+;B-;O+,5,True
SUBJECT_GROUP_0506,514,1,10,A+;A-;AB+;B-;O+,5,True
SUBJECT_GROUP_0507,515,1,10,A+;A-;AB-;B-;O+;O-,6,True
SUBJECT_GROUP_0508,516,1,10,A+;A-;AB+;AB-;B-;O+;O-,7,True
SUBJECT_GROUP_0509,517,1,10,A+;A-;B+;O+,4,True
SUBJECT_GROUP_0510,518,1,10,A-;AB+;B+;B-;O+,5,True
SUBJECT_GROUP_0511,519,1,10,A+;A-;AB+;B+;B-;O+,6,True
SUBJECT_GROUP_0512,520,1,10,A-;AB-;B-;O+;O-,5,True
SUBJECT_GROUP_0513,521,1,10,A+;AB+;B+;B-;O+;O-,6,True
SUBJECT_GROUP_0514,522,1,10,A-;AB-;B-;O+;O-,5,True
SUBJECT_GROUP_0515,523,1,10,A-;AB+;AB-;O-,4,True
SUBJECT_GROUP_0516,524,1,10,A-;AB+;AB-;B-;O+;O-,6,True
SUBJECT_GROUP_0517,525,1,9,A-;AB+;AB-;B-;O-,5,True
SUBJECT_GROUP_0518,526,1,8,A+;AB+;AB-;B+;B-;O-,6,True
SUBJECT_GROUP_0519,527,1,10,A-;AB+;B+;B-;O+,5,True
SUBJECT_GROUP_0520,528,1,8,A+;A-;AB-;B+;O+,5,True
SUBJECT_GROUP_0521,529,1,9,A+;A-;AB+;B-;O+,5,True
SUBJECT_GROUP_0522,530,1,10,A+;A-;AB+;B+;B-;O-,6,True
SUBJECT_GROUP_0523,531,1,10,A+;A-;AB+;B+;B-;O+,6,True
SUBJECT_GROUP_0524,532,1,10,A+;A-;AB+;B-;O+;O-,6,True
SUBJECT_GROUP_0525,533,1,9,A-;B-;O+,3,True
SUBJECT_GROUP_0526,534,1,10,AB-;B-;O-,3,True
SUBJECT_GROUP_0527,535,1,10,A-;AB-;O-,3,True
SUBJECT_GROUP_0528,536,1,10,A+;A-;AB+;AB-;B+;B-;O+;O-,8,True
SUBJECT_GROUP_0529,537,1,10,A-;AB+;AB-;O+;O-,5,True
SUBJECT_GROUP_0530,538,1,10,A+;A-;O+;O-,4,True
SUBJECT_GROUP_0531,539,1,10,A-;AB+;B+;O+;O-,5,True
SUBJECT_GROUP_0532,540,1,10,A-;AB-;O+;O-,4,True
SUBJECT_GROUP_0533,541,1,9,A+;AB+;B+;B-,4,True
SUBJECT_GROUP_0534,542,1,9,A-;AB-;B+;O-,4,True
SUBJECT_GROUP_0535,543,1,10,A+;A-;AB-;B+;O+;O-,6,True
SUBJECT_GROUP_0536,544,1,10,A-;B+;B-;O+;O-,5,True
SUBJECT_GROUP_0537,545,1,10,A+;AB-;B+;B-;O-,5,True
SUBJECT_GROUP_0538,546,1,10,A+;A-;AB+;AB-;B+;B-;O+;O-,8,True
SUBJECT_GROUP_0539,547,1,8,A-;AB+;B+;B-;O+,5,True
SUBJECT_GROUP_0540,548,1,8,A-;AB+;AB-;B+;O+;O-,6,True
SUBJECT_GROUP_0541,549,1,10,A+;A-;AB+;B-;O+,5,True
SUBJECT_GROUP_0542,550,1,10,A+;A-;B-;O+;O-,5,True
SUBJECT_GROUP_0543,551,1,10,A-;AB+;AB-;B+;B-;O+;O-,7,True
SUBJECT_GROUP_0544,552,1,9,A-;AB+;B-;O+,4,True
SUBJECT_GROUP_0545,555,1,8,A-;AB+;AB-;B+;B-,5,True
SUBJECT_GROUP_0546,556,1,10,A-;AB+;AB-;B+;B-;O+;O-,7,True
SUBJECT_GROUP_0547,557,1,10,A+;A-;AB+;B+;B-,5,True
SUBJECT_GROUP_0548,558,1,9,A-;AB+;B+;B-;O-,5,True
SUBJECT_GROUP_0549,559,1,10,A+;A-;AB-;B+;B-;O+;O-,7,True
SUBJECT_GROUP_0550,560;585,2,19,A+;A-;AB+;AB-;B+;B-;O+;O-,8,True
SUBJECT_GROUP_0551,561,1,10,A-;AB-;B+;B-;O+;O-,6,True
SUBJECT_GROUP_0552,562,1,10,A+;A-;AB+;B+;B-,5,True
SUBJECT_GROUP_0553,563,1,9,A-;AB-;B-;O-,4,True
SUBJECT_GROUP_0554,564,1,10,A+;AB+;AB-;B+;O-,5,True
SUBJECT_GROUP_0555,565,1,10,A+;A-;AB+;AB-;B-;O+;O-,7,True
SUBJECT_GROUP_0556,566,1,9,A-;AB+;AB-;B-;O+;O-,6,True
SUBJECT_GROUP_0557,567,1,10,A-;AB-;B-;O+;O-,5,True
SUBJECT_GROUP_0558,568,1,10,AB+;B+;B-;O-,4,True
SUBJECT_GROUP_0559,569,1,10,A+;AB+;B+;B-;O+;O-,6,True
SUBJECT_GROUP_0560,570,1,10,A+;A-;AB+;B+;B-;O+;O-,7,True
SUBJECT_GROUP_0561,571,1,9,A-;AB-;B+;B-,4,True
SUBJECT_GROUP_0562,572,1,10,A-;AB+;AB-;B+;O-,5,True
SUBJECT_GROUP_0563,573,1,10,A-;AB+;AB-;O+;O-,5,True
SUBJECT_GROUP_0564,574,1,10,A-;AB+;B+;B-;O+;O-,6,True
SUBJECT_GROUP_0565,575,1,10,A-;AB-;O-,3,True
SUBJECT_GROUP_0566,576,1,10,A+;A-;B-;O+;O-,5,True
SUBJECT_GROUP_0567,578,1,10,A+;A-;AB+;B+;O+,5,True
SUBJECT_GROUP_0568,579,1,9,A-;AB+;B+;B-;O+,5,True
SUBJECT_GROUP_0569,580,1,10,A-;AB+;AB-;B-;O+;O-,6,True
SUBJECT_GROUP_0570,581,1,10,AB-;B+;B-;O+;O-,5,True
SUBJECT_GROUP_0571,582,1,10,A+;AB+;B+;B-;O+,5,True
SUBJECT_GROUP_0572,583,1,10,A+;A-;AB+;B+;B-;O+,6,True
SUBJECT_GROUP_0573,584,1,10,A-;AB-;B+;B-;O+;O-,6,True
SUBJECT_GROUP_0574,586,1,9,A+;A-;AB-;B-;O-,5,True
SUBJECT_GROUP_0575,587,1,10,A+;A-;AB+;AB-;B+;B-;O+;O-,8,True
SUBJECT_GROUP_0576,588,1,10,A-;AB+;B+;B-,4,True
SUBJECT_GROUP_0577,589,1,10,A-;AB+;B+;O+,4,True
SUBJECT_GROUP_0578,591,1,9,A+;A-;AB+;B+;B-;O+;O-,7,True
SUBJECT_GROUP_0579,592,1,10,AB-;B-;O-,3,True
SUBJECT_GROUP_0580,593,1,10,A+;A-;AB+;B-;O+,5,True
SUBJECT_GROUP_0581,594,1,10,A+;A-;AB-;O+,4,True
SUBJECT_GROUP_0582,595,1,8,A-;AB+;AB-;B-;O+;O-,6,True
SUBJECT_GROUP_0583,596,1,8,A+;A-;O+,3,True
SUBJECT_GROUP_0584,597,1,10,A+;A-;B+;B-;O+;O-,6,True
SUBJECT_GROUP_0585,598,1,9,A-;O+;O-,3,True
SUBJECT_GROUP_0586,599,1,10,A-;AB-;O+;O-,4,True
SUBJECT_GROUP_0587,600,1,9,AB+;AB-;B+;B-,4,True
